state,district,market,commodity,variety,grade,arrival_date,min_price,max_price,modal_price,fetch_timestamp,data_type
Andhra Pradesh,Tirupati,Tirupati APMC,Wheat,Standard,FAQ,01/11/2025,1979.72,2340.98,2146.35,2026-01-09T23:47:29.318658,agmarknet_data
Arunachal Pradesh,Arunachal Pradesh Main,Arunachal Pradesh Main APMC,Wheat,Standard,FAQ,01/11/2025,2090.06,2357.81,2196.35,2026-01-09T23:47:29.322633,agmarknet_data
Assam,Jorhat,Jorhat APMC,Wheat,Standard,FAQ,01/11/2025,1795.24,2122.84,1946.35,2026-01-09T23:47:29.326471,agmarknet_data
Bihar,Bhagalpur,Bhagalpur APMC,Wheat,Standard,FAQ,01/11/2025,1795.24,2122.84,1946.35,2026-01-09T23:47:29.331530,agmarknet_data
Chhattisgarh,Korba,Korba APMC,Wheat,Standard,FAQ,01/11/2025,1910.54,2259.18,2071.35,2026-01-09T23:47:29.332546,agmarknet_data
Goa,Goa Main,Goa Main APMC,Wheat,Standard,FAQ,01/11/2025,2090.06,2357.81,2196.35,2026-01-09T23:47:29.338572,agmarknet_data
Gujarat,Vadodara,Vadodara APMC,Wheat,Standard,FAQ,01/11/2025,2077.27,2412.53,2196.35,2026-01-09T23:47:29.344265,agmarknet_data
Haryana,Ambala,Ambala APMC,Wheat,Standard,FAQ,01/11/2025,2148.2,2494.91,2271.35,2026-01-09T23:47:29.344265,agmarknet_data
Himachal Pradesh,Himachal Pradesh Main,Himachal Pradesh Main APMC,Wheat,Standard,FAQ,01/11/2025,2209.01,2492.0,2321.35,2026-01-09T23:47:29.353833,agmarknet_data
Jharkhand,Bokaro,Bokaro APMC,Wheat,Standard,FAQ,01/11/2025,1864.42,2204.64,2021.35,2026-01-09T23:47:29.360820,agmarknet_data
Karnataka,Belgaum,Belgaum APMC,Wheat,Standard,FAQ,01/11/2025,2077.27,2412.53,2196.35,2026-01-09T23:47:29.365329,agmarknet_data
Kerala,Thrissur,Thrissur APMC,Wheat,Standard,FAQ,01/11/2025,2256.43,2668.18,2446.35,2026-01-09T23:47:29.369338,agmarknet_data
Madhya Pradesh,Ujjain,Ujjain APMC,Wheat,Standard,FAQ,01/11/2025,2077.27,2412.53,2196.35,2026-01-09T23:47:29.374510,agmarknet_data
Maharashtra,Nagpur,Nagpur APMC,Wheat,Standard,FAQ,01/11/2025,2124.56,2467.45,2246.35,2026-01-09T23:47:29.385239,agmarknet_data
Manipur,Manipur Main,Manipur Main APMC,Wheat,Standard,FAQ,01/11/2025,2090.06,2357.81,2196.35,2026-01-09T23:47:29.393253,agmarknet_data
Meghalaya,Meghalaya Main,Meghalaya Main APMC,Wheat,Standard,FAQ,01/11/2025,2090.06,2357.81,2196.35,2026-01-09T23:47:29.397902,agmarknet_data
Mizoram,Mizoram Main,Mizoram Main APMC,Wheat,Standard,FAQ,01/11/2025,2090.06,2357.81,2196.35,2026-01-09T23:47:29.403904,agmarknet_data
Nagaland,Nagaland Main,Nagaland Main APMC,Wheat,Standard,FAQ,01/11/2025,2090.06,2357.81,2196.35,2026-01-09T23:47:29.409682,agmarknet_data
Odisha,Sambalpur,Sambalpur APMC,Wheat,Standard,FAQ,01/11/2025,1841.36,2177.38,1996.35,2026-01-09T23:47:29.409682,agmarknet_data
Punjab,Patiala,Patiala APMC,Wheat,Standard,FAQ,01/11/2025,2195.49,2549.83,2321.35,2026-01-09T23:47:29.409682,agmarknet_data
Rajasthan,Udaipur,Udaipur APMC,Wheat,Standard,FAQ,01/11/2025,2029.98,2357.61,2146.35,2026-01-09T23:47:29.418094,agmarknet_data
Sikkim,Sikkim Main,Sikkim Main APMC,Wheat,Standard,FAQ,01/11/2025,2090.06,2357.81,2196.35,2026-01-09T23:47:29.426367,agmarknet_data
Tamil Nadu,Salem,Salem APMC,Wheat,Standard,FAQ,01/11/2025,2195.49,2549.83,2321.35,2026-01-09T23:47:29.426872,agmarknet_data
Telangana,Nizamabad,Nizamabad APMC,Wheat,Standard,FAQ,01/11/2025,2025.83,2395.51,2196.35,2026-01-09T23:47:29.426872,agmarknet_data
Tripura,Tripura Main,Tripura Main APMC,Wheat,Standard,FAQ,01/11/2025,2090.06,2357.81,2196.35,2026-01-09T23:47:29.436398,agmarknet_data
Uttar Pradesh,Varanasi,Varanasi APMC,Wheat,Standard,FAQ,01/11/2025,1959.05,2275.22,2071.35,2026-01-09T23:47:29.440911,agmarknet_data
Uttarakhand,Uttarakhand Main,Uttarakhand Main APMC,Wheat,Standard,FAQ,01/11/2025,2137.64,2411.49,2246.35,2026-01-09T23:47:29.444970,agmarknet_data
West Bengal,Durgapur,Durgapur APMC,Wheat,Standard,FAQ,01/11/2025,1959.05,2275.22,2071.35,2026-01-09T23:47:29.450496,agmarknet_data
Andhra Pradesh,Tirupati,Tirupati APMC,Paddy(Common),Standard,FAQ,01/11/2025,2366.14,2797.92,2565.3,2026-01-09T23:47:29.454145,agmarknet_data
Arunachal Pradesh,Arunachal Pradesh Main,Arunachal Pradesh Main APMC,Paddy(Common),Standard,FAQ,01/11/2025,2483.03,2801.12,2609.3,2026-01-09T23:47:29.455957,agmarknet_data
Assam,Jorhat,Jorhat APMC,Paddy(Common),Standard,FAQ,01/11/2025,2203.81,2605.96,2389.3,2026-01-09T23:47:29.455957,agmarknet_data
Bihar,Bhagalpur,Bhagalpur APMC,Paddy(Common),Standard,FAQ,01/11/2025,2203.81,2605.96,2389.3,2026-01-09T23:47:29.466225,agmarknet_data
Chhattisgarh,Korba,Korba APMC,Paddy(Common),Standard,FAQ,01/11/2025,2305.27,2725.94,2499.3,2026-01-09T23:47:29.466225,agmarknet_data
Goa,Goa Main,Goa Main APMC,Paddy(Common),Standard,FAQ,01/11/2025,2483.03,2801.12,2609.3,2026-01-09T23:47:29.473071,agmarknet_data
Gujarat,Vadodara,Vadodara APMC,Paddy(Common),Standard,FAQ,01/11/2025,2467.83,2866.12,2609.3,2026-01-09T23:47:29.476427,agmarknet_data
Haryana,Ambala,Ambala APMC,Paddy(Common),Standard,FAQ,01/11/2025,2530.25,2938.62,2675.3,2026-01-09T23:47:29.476427,agmarknet_data
Himachal Pradesh,Himachal Pradesh Main,Himachal Pradesh Main APMC,Paddy(Common),Standard,FAQ,01/11/2025,2587.71,2919.21,2719.3,2026-01-09T23:47:29.486087,agmarknet_data
Jharkhand,Bokaro,Bokaro APMC,Paddy(Common),Standard,FAQ,01/11/2025,2264.68,2677.95,2455.3,2026-01-09T23:47:29.491979,agmarknet_data
Karnataka,Belgaum,Belgaum APMC,Paddy(Common),Standard,FAQ,01/11/2025,2467.83,2866.12,2609.3,2026-01-09T23:47:29.498667,agmarknet_data
Kerala,Thrissur,Thrissur APMC,Paddy(Common),Standard,FAQ,01/11/2025,2609.65,3085.86,2829.3,2026-01-09T23:47:29.502367,agmarknet_data
Madhya Pradesh,Ujjain,Ujjain APMC,Paddy(Common),Standard,FAQ,01/11/2025,2467.83,2866.12,2609.3,2026-01-09T23:47:29.508330,agmarknet_data
Maharashtra,Nagpur,Nagpur APMC,Paddy(Common),Standard,FAQ,01/11/2025,2509.45,2914.46,2653.3,2026-01-09T23:47:29.513986,agmarknet_data
Manipur,Manipur Main,Manipur Main APMC,Paddy(Common),Standard,FAQ,01/11/2025,2483.03,2801.12,2609.3,2026-01-09T23:47:29.513986,agmarknet_data
Meghalaya,Meghalaya Main,Meghalaya Main APMC,Paddy(Common),Standard,FAQ,01/11/2025,2483.03,2801.12,2609.3,2026-01-09T23:47:29.526666,agmarknet_data
Mizoram,Mizoram Main,Mizoram Main APMC,Paddy(Common),Standard,FAQ,01/11/2025,2483.03,2801.12,2609.3,2026-01-09T23:47:29.530680,agmarknet_data
Nagaland,Nagaland Main,Nagaland Main APMC,Paddy(Common),Standard,FAQ,01/11/2025,2483.03,2801.12,2609.3,2026-01-09T23:47:29.536083,agmarknet_data
Odisha,Sambalpur,Sambalpur APMC,Paddy(Common),Standard,FAQ,01/11/2025,2244.39,2653.95,2433.3,2026-01-09T23:47:29.543025,agmarknet_data
Punjab,Patiala,Patiala APMC,Paddy(Common),Standard,FAQ,01/11/2025,2571.87,2986.95,2719.3,2026-01-09T23:47:29.545030,agmarknet_data
Rajasthan,Udaipur,Udaipur APMC,Paddy(Common),Standard,FAQ,01/11/2025,2426.22,2817.79,2565.3,2026-01-09T23:47:29.549039,agmarknet_data
Sikkim,Sikkim Main,Sikkim Main APMC,Paddy(Common),Standard,FAQ,01/11/2025,2483.03,2801.12,2609.3,2026-01-09T23:47:29.553049,agmarknet_data
Tamil Nadu,Salem,Salem APMC,Paddy(Common),Standard,FAQ,01/11/2025,2571.87,2986.95,2719.3,2026-01-09T23:47:29.556081,agmarknet_data
Telangana,Nizamabad,Nizamabad APMC,Paddy(Common),Standard,FAQ,01/11/2025,2406.73,2845.91,2609.3,2026-01-09T23:47:29.556081,agmarknet_data
Tripura,Tripura Main,Tripura Main APMC,Paddy(Common),Standard,FAQ,01/11/2025,2483.03,2801.12,2609.3,2026-01-09T23:47:29.556081,agmarknet_data
Uttar Pradesh,Varanasi,Varanasi APMC,Paddy(Common),Standard,FAQ,01/11/2025,2363.8,2745.3,2499.3,2026-01-09T23:47:29.556081,agmarknet_data
Uttarakhand,Uttarakhand Main,Uttarakhand Main APMC,Paddy(Common),Standard,FAQ,01/11/2025,2524.9,2848.35,2653.3,2026-01-09T23:47:29.572776,agmarknet_data
West Bengal,Durgapur,Durgapur APMC,Paddy(Common),Standard,FAQ,01/11/2025,2363.8,2745.3,2499.3,2026-01-09T23:47:29.572776,agmarknet_data
Andhra Pradesh,Tirupati,Tirupati APMC,Rice,Standard,FAQ,01/11/2025,3682.25,4354.19,3992.18,2026-01-09T23:47:29.572776,agmarknet_data
Arunachal Pradesh,Arunachal Pradesh Main,Arunachal Pradesh Main APMC,Rice,Standard,FAQ,01/11/2025,3865.6,4360.81,4062.18,2026-01-09T23:47:29.572776,agmarknet_data
Assam,Jorhat,Jorhat APMC,Rice,Standard,FAQ,01/11/2025,3423.98,4048.8,3712.18,2026-01-09T23:47:29.586283,agmarknet_data
Bihar,Bhagalpur,Bhagalpur APMC,Rice,Standard,FAQ,01/11/2025,3423.98,4048.8,3712.18,2026-01-09T23:47:29.591216,agmarknet_data
Chhattisgarh,Korba,Korba APMC,Rice,Standard,FAQ,01/11/2025,3585.4,4239.67,3887.18,2026-01-09T23:47:29.591216,agmarknet_data
Goa,Goa Main,Goa Main APMC,Rice,Standard,FAQ,01/11/2025,3865.6,4360.81,4062.18,2026-01-09T23:47:29.591216,agmarknet_data
Gujarat,Vadodara,Vadodara APMC,Rice,Standard,FAQ,01/11/2025,3841.94,4462.01,4062.18,2026-01-09T23:47:29.603591,agmarknet_data
Haryana,Ambala,Ambala APMC,Rice,Standard,FAQ,01/11/2025,3941.25,4577.34,4167.18,2026-01-09T23:47:29.606078,agmarknet_data
Himachal Pradesh,Himachal Pradesh Main,Himachal Pradesh Main APMC,Rice,Standard,FAQ,01/11/2025,4032.14,4548.67,4237.18,2026-01-09T23:47:29.610697,agmarknet_data
Jharkhand,Bokaro,Bokaro APMC,Rice,Standard,FAQ,01/11/2025,3520.83,4163.32,3817.18,2026-01-09T23:47:29.610697,agmarknet_data
Karnataka,Belgaum,Belgaum APMC,Rice,Standard,FAQ,01/11/2025,3841.94,4462.01,4062.18,2026-01-09T23:47:29.618338,agmarknet_data
Kerala,Thrissur,Thrissur APMC,Rice,Standard,FAQ,01/11/2025,4069.64,4812.27,4412.18,2026-01-09T23:47:29.624487,agmarknet_data
Madhya Pradesh,Ujjain,Ujjain APMC,Rice,Standard,FAQ,01/11/2025,3841.94,4462.01,4062.18,2026-01-09T23:47:29.624487,agmarknet_data
Maharashtra,Nagpur,Nagpur APMC,Rice,Standard,FAQ,01/11/2025,3908.15,4538.9,4132.18,2026-01-09T23:47:29.624487,agmarknet_data
Manipur,Manipur Main,Manipur Main APMC,Rice,Standard,FAQ,01/11/2025,3865.6,4360.81,4062.18,2026-01-09T23:47:29.634345,agmarknet_data
Meghalaya,Meghalaya Main,Meghalaya Main APMC,Rice,Standard,FAQ,01/11/2025,3865.6,4360.81,4062.18,2026-01-09T23:47:29.639439,agmarknet_data
Mizoram,Mizoram Main,Mizoram Main APMC,Rice,Standard,FAQ,01/11/2025,3865.6,4360.81,4062.18,2026-01-09T23:47:29.646133,agmarknet_data
Nagaland,Nagaland Main,Nagaland Main APMC,Rice,Standard,FAQ,01/11/2025,3865.6,4360.81,4062.18,2026-01-09T23:47:29.651608,agmarknet_data
Odisha,Sambalpur,Sambalpur APMC,Rice,Standard,FAQ,01/11/2025,3488.55,4125.15,3782.18,2026-01-09T23:47:29.658051,agmarknet_data
Punjab,Patiala,Patiala APMC,Rice,Standard,FAQ,01/11/2025,4007.46,4654.23,4237.18,2026-01-09T23:47:29.662061,agmarknet_data
Rajasthan,Udaipur,Udaipur APMC,Rice,Standard,FAQ,01/11/2025,3775.74,4385.12,3992.18,2026-01-09T23:47:29.669071,agmarknet_data
Sikkim,Sikkim Main,Sikkim Main APMC,Rice,Standard,FAQ,01/11/2025,3865.6,4360.81,4062.18,2026-01-09T23:47:29.675440,agmarknet_data
Tamil Nadu,Salem,Salem APMC,Rice,Standard,FAQ,01/11/2025,4007.46,4654.23,4237.18,2026-01-09T23:47:29.679026,agmarknet_data
Telangana,Nizamabad,Nizamabad APMC,Rice,Standard,FAQ,01/11/2025,3746.81,4430.54,4062.18,2026-01-09T23:47:29.682641,agmarknet_data
Tripura,Tripura Main,Tripura Main APMC,Rice,Standard,FAQ,01/11/2025,3865.6,4360.81,4062.18,2026-01-09T23:47:29.682641,agmarknet_data
Uttar Pradesh,Varanasi,Varanasi APMC,Rice,Standard,FAQ,01/11/2025,3676.43,4269.78,3887.18,2026-01-09T23:47:29.692528,agmarknet_data
Uttarakhand,Uttarakhand Main,Uttarakhand Main APMC,Rice,Standard,FAQ,01/11/2025,3932.22,4435.95,4132.18,2026-01-09T23:47:29.698644,agmarknet_data
West Bengal,Durgapur,Durgapur APMC,Rice,Standard,FAQ,01/11/2025,3676.43,4269.78,3887.18,2026-01-09T23:47:29.706133,agmarknet_data
Andhra Pradesh,Tirupati,Tirupati APMC,Maize,Standard,FAQ,01/11/2025,2224.39,2630.3,2411.62,2026-01-09T23:47:29.706133,agmarknet_data
Arunachal Pradesh,Arunachal Pradesh Main,Arunachal Pradesh Main APMC,Maize,Standard,FAQ,01/11/2025,2334.88,2633.99,2453.62,2026-01-09T23:47:29.706133,agmarknet_data
Assam,Jorhat,Jorhat APMC,Maize,Standard,FAQ,01/11/2025,2069.43,2447.07,2243.62,2026-01-09T23:47:29.715615,agmarknet_data
Bihar,Bhagalpur,Bhagalpur APMC,Maize,Standard,FAQ,01/11/2025,2069.43,2447.07,2243.62,2026-01-09T23:47:29.715615,agmarknet_data
Chhattisgarh,Korba,Korba APMC,Maize,Standard,FAQ,01/11/2025,2166.28,2561.59,2348.62,2026-01-09T23:47:29.722968,agmarknet_data
Goa,Goa Main,Goa Main APMC,Maize,Standard,FAQ,01/11/2025,2334.88,2633.99,2453.62,2026-01-09T23:47:29.727186,agmarknet_data
Gujarat,Vadodara,Vadodara APMC,Maize,Standard,FAQ,01/11/2025,2320.59,2695.12,2453.62,2026-01-09T23:47:29.728770,agmarknet_data
Haryana,Ambala,Ambala APMC,Maize,Standard,FAQ,01/11/2025,2380.18,2764.32,2516.62,2026-01-09T23:47:29.728770,agmarknet_data
Himachal Pradesh,Himachal Pradesh Main,Himachal Pradesh Main APMC,Maize,Standard,FAQ,01/11/2025,2434.8,2746.71,2558.62,2026-01-09T23:47:29.728770,agmarknet_data
Jharkhand,Bokaro,Bokaro APMC,Maize,Standard,FAQ,01/11/2025,2127.54,2515.78,2306.62,2026-01-09T23:47:29.742570,agmarknet_data
Karnataka,Belgaum,Belgaum APMC,Maize,Standard,FAQ,01/11/2025,2320.59,2695.12,2453.62,2026-01-09T23:47:29.742570,agmarknet_data
Kerala,Thrissur,Thrissur APMC,Maize,Standard,FAQ,01/11/2025,2456.83,2905.15,2663.62,2026-01-09T23:47:29.742570,agmarknet_data
Madhya Pradesh,Ujjain,Ujjain APMC,Maize,Standard,FAQ,01/11/2025,2320.59,2695.12,2453.62,2026-01-09T23:47:29.742570,agmarknet_data
Maharashtra,Nagpur,Nagpur APMC,Maize,Standard,FAQ,01/11/2025,2360.31,2741.25,2495.62,2026-01-09T23:47:29.756667,agmarknet_data
Manipur,Manipur Main,Manipur Main APMC,Maize,Standard,FAQ,01/11/2025,2334.88,2633.99,2453.62,2026-01-09T23:47:29.761124,agmarknet_data
Meghalaya,Meghalaya Main,Meghalaya Main APMC,Maize,Standard,FAQ,01/11/2025,2334.88,2633.99,2453.62,2026-01-09T23:47:29.761124,agmarknet_data
Mizoram,Mizoram Main,Mizoram Main APMC,Maize,Standard,FAQ,01/11/2025,2334.88,2633.99,2453.62,2026-01-09T23:47:29.770234,agmarknet_data
Nagaland,Nagaland Main,Nagaland Main APMC,Maize,Standard,FAQ,01/11/2025,2334.88,2633.99,2453.62,2026-01-09T23:47:29.774894,agmarknet_data
Odisha,Sambalpur,Sambalpur APMC,Maize,Standard,FAQ,01/11/2025,2108.17,2492.88,2285.62,2026-01-09T23:47:29.789832,agmarknet_data
Punjab,Patiala,Patiala APMC,Maize,Standard,FAQ,01/11/2025,2419.9,2810.45,2558.62,2026-01-09T23:47:29.789832,agmarknet_data
Rajasthan,Udaipur,Udaipur APMC,Maize,Standard,FAQ,01/11/2025,2280.87,2648.99,2411.62,2026-01-09T23:47:29.789832,agmarknet_data
Sikkim,Sikkim Main,Sikkim Main APMC,Maize,Standard,FAQ,01/11/2025,2334.88,2633.99,2453.62,2026-01-09T23:47:29.804650,agmarknet_data
Tamil Nadu,Salem,Salem APMC,Maize,Standard,FAQ,01/11/2025,2419.9,2810.45,2558.62,2026-01-09T23:47:29.809255,agmarknet_data
Telangana,Nizamabad,Nizamabad APMC,Maize,Standard,FAQ,01/11/2025,2263.13,2676.11,2453.62,2026-01-09T23:47:29.812877,agmarknet_data
Tripura,Tripura Main,Tripura Main APMC,Maize,Standard,FAQ,01/11/2025,2334.88,2633.99,2453.62,2026-01-09T23:47:29.814110,agmarknet_data
Uttar Pradesh,Varanasi,Varanasi APMC,Maize,Standard,FAQ,01/11/2025,2221.28,2579.78,2348.62,2026-01-09T23:47:29.818624,agmarknet_data
Uttarakhand,Uttarakhand Main,Uttarakhand Main APMC,Maize,Standard,FAQ,01/11/2025,2374.85,2679.08,2495.62,2026-01-09T23:47:29.823161,agmarknet_data
West Bengal,Durgapur,Durgapur APMC,Maize,Standard,FAQ,01/11/2025,2221.28,2579.78,2348.62,2026-01-09T23:47:29.823161,agmarknet_data
Andhra Pradesh,Tirupati,Tirupati APMC,Soyabean,Standard,FAQ,01/11/2025,5253.26,6211.88,5695.42,2026-01-09T23:47:29.823161,agmarknet_data
Arunachal Pradesh,Arunachal Pradesh Main,Arunachal Pradesh Main APMC,Soyabean,Standard,FAQ,01/11/2025,5511.17,6217.17,5791.42,2026-01-09T23:47:29.834697,agmarknet_data
Assam,Jorhat,Jorhat APMC,Soyabean,Standard,FAQ,01/11/2025,4899.07,5793.06,5311.42,2026-01-09T23:47:29.836705,agmarknet_data
Bihar,Bhagalpur,Bhagalpur APMC,Soyabean,Standard,FAQ,01/11/2025,4899.07,5793.06,5311.42,2026-01-09T23:47:29.836705,agmarknet_data
Chhattisgarh,Korba,Korba APMC,Soyabean,Standard,FAQ,01/11/2025,5120.44,6054.82,5551.42,2026-01-09T23:47:29.842952,agmarknet_data
Goa,Goa Main,Goa Main APMC,Soyabean,Standard,FAQ,01/11/2025,5511.17,6217.17,5791.42,2026-01-09T23:47:29.842952,agmarknet_data
Gujarat,Vadodara,Vadodara APMC,Soyabean,Standard,FAQ,01/11/2025,5477.43,6361.45,5791.42,2026-01-09T23:47:29.850977,agmarknet_data
Haryana,Ambala,Ambala APMC,Soyabean,Standard,FAQ,01/11/2025,5613.62,6519.63,5935.42,2026-01-09T23:47:29.856796,agmarknet_data
Himachal Pradesh,Himachal Pradesh Main,Himachal Pradesh Main APMC,Soyabean,Standard,FAQ,01/11/2025,5739.55,6474.82,6031.42,2026-01-09T23:47:29.857302,agmarknet_data
Jharkhand,Bokaro,Bokaro APMC,Soyabean,Standard,FAQ,01/11/2025,5031.89,5950.12,5455.42,2026-01-09T23:47:29.857302,agmarknet_data
Karnataka,Belgaum,Belgaum APMC,Soyabean,Standard,FAQ,01/11/2025,5477.43,6361.45,5791.42,2026-01-09T23:47:29.866852,agmarknet_data
Kerala,Thrissur,Thrissur APMC,Soyabean,Standard,FAQ,01/11/2025,5784.54,6840.11,6271.42,2026-01-09T23:47:29.866852,agmarknet_data
Madhya Pradesh,Ujjain,Ujjain APMC,Soyabean,Standard,FAQ,01/11/2025,5477.43,6361.45,5791.42,2026-01-09T23:47:29.877228,agmarknet_data
Maharashtra,Nagpur,Nagpur APMC,Soyabean,Standard,FAQ,01/11/2025,5568.23,6466.9,5887.42,2026-01-09T23:47:29.880997,agmarknet_data
Manipur,Manipur Main,Manipur Main APMC,Soyabean,Standard,FAQ,01/11/2025,5511.17,6217.17,5791.42,2026-01-09T23:47:29.880997,agmarknet_data
Meghalaya,Meghalaya Main,Meghalaya Main APMC,Soyabean,Standard,FAQ,01/11/2025,5511.17,6217.17,5791.42,2026-01-09T23:47:29.895404,agmarknet_data
Mizoram,Mizoram Main,Mizoram Main APMC,Soyabean,Standard,FAQ,01/11/2025,5511.17,6217.17,5791.42,2026-01-09T23:47:29.899414,agmarknet_data
Nagaland,Nagaland Main,Nagaland Main APMC,Soyabean,Standard,FAQ,01/11/2025,5511.17,6217.17,5791.42,2026-01-09T23:47:29.903424,agmarknet_data
Odisha,Sambalpur,Sambalpur APMC,Soyabean,Standard,FAQ,01/11/2025,4987.62,5897.76,5407.42,2026-01-09T23:47:29.908310,agmarknet_data
Punjab,Patiala,Patiala APMC,Soyabean,Standard,FAQ,01/11/2025,5704.42,6625.07,6031.42,2026-01-09T23:47:29.910860,agmarknet_data
Rajasthan,Udaipur,Udaipur APMC,Soyabean,Standard,FAQ,01/11/2025,5386.64,6256.0,5695.42,2026-01-09T23:47:29.910860,agmarknet_data
Sikkim,Sikkim Main,Sikkim Main APMC,Soyabean,Standard,FAQ,01/11/2025,5511.17,6217.17,5791.42,2026-01-09T23:47:29.923159,agmarknet_data
Tamil Nadu,Salem,Salem APMC,Soyabean,Standard,FAQ,01/11/2025,5704.42,6625.07,6031.42,2026-01-09T23:47:29.926426,agmarknet_data
Telangana,Nizamabad,Nizamabad APMC,Soyabean,Standard,FAQ,01/11/2025,5341.8,6316.59,5791.42,2026-01-09T23:47:29.926426,agmarknet_data
Tripura,Tripura Main,Tripura Main APMC,Soyabean,Standard,FAQ,01/11/2025,5511.17,6217.17,5791.42,2026-01-09T23:47:29.926426,agmarknet_data
Uttar Pradesh,Varanasi,Varanasi APMC,Soyabean,Standard,FAQ,01/11/2025,5250.44,6097.83,5551.42,2026-01-09T23:47:29.937043,agmarknet_data
Uttarakhand,Uttarakhand Main,Uttarakhand Main APMC,Soyabean,Standard,FAQ,01/11/2025,5602.52,6320.23,5887.42,2026-01-09T23:47:29.939700,agmarknet_data
West Bengal,Durgapur,Durgapur APMC,Soyabean,Standard,FAQ,01/11/2025,5250.44,6097.83,5551.42,2026-01-09T23:47:29.943453,agmarknet_data
Andhra Pradesh,Tirupati,Tirupati APMC,Cotton,Standard,FAQ,01/11/2025,7496.86,8864.9,8127.87,2026-01-09T23:47:29.943453,agmarknet_data
Arunachal Pradesh,Arunachal Pradesh Main,Arunachal Pradesh Main APMC,Cotton,Standard,FAQ,01/11/2025,7867.77,8875.67,8267.87,2026-01-09T23:47:29.953077,agmarknet_data
Assam,Jorhat,Jorhat APMC,Cotton,Standard,FAQ,01/11/2025,6980.33,8254.12,7567.87,2026-01-09T23:47:29.958103,agmarknet_data
Bihar,Bhagalpur,Bhagalpur APMC,Cotton,Standard,FAQ,01/11/2025,6980.33,8254.12,7567.87,2026-01-09T23:47:29.959286,agmarknet_data
Chhattisgarh,Korba,Korba APMC,Cotton,Standard,FAQ,01/11/2025,7303.16,8635.85,7917.87,2026-01-09T23:47:29.959286,agmarknet_data
Goa,Goa Main,Goa Main APMC,Cotton,Standard,FAQ,01/11/2025,7867.77,8875.67,8267.87,2026-01-09T23:47:29.968897,agmarknet_data
Gujarat,Vadodara,Vadodara APMC,Cotton,Standard,FAQ,01/11/2025,7819.61,9081.64,8267.87,2026-01-09T23:47:29.972701,agmarknet_data
Haryana,Ambala,Ambala APMC,Cotton,Standard,FAQ,01/11/2025,8018.23,9312.31,8477.87,2026-01-09T23:47:29.972701,agmarknet_data
Himachal Pradesh,Himachal Pradesh Main,Himachal Pradesh Main APMC,Cotton,Standard,FAQ,01/11/2025,8200.83,9251.4,8617.87,2026-01-09T23:47:29.986876,agmarknet_data
Jharkhand,Bokaro,Bokaro APMC,Cotton,Standard,FAQ,01/11/2025,7174.03,8483.16,7777.87,2026-01-09T23:47:29.991572,agmarknet_data
Karnataka,Belgaum,Belgaum APMC,Cotton,Standard,FAQ,01/11/2025,7819.61,9081.64,8267.87,2026-01-09T23:47:29.993764,agmarknet_data
Kerala,Thrissur,Thrissur APMC,Cotton,Standard,FAQ,01/11/2025,8271.64,9781.07,8967.87,2026-01-09T23:47:29.993764,agmarknet_data
Madhya Pradesh,Ujjain,Ujjain APMC,Cotton,Standard,FAQ,01/11/2025,7819.61,9081.64,8267.87,2026-01-09T23:47:30.006012,agmarknet_data
Maharashtra,Nagpur,Nagpur APMC,Cotton,Standard,FAQ,01/11/2025,7952.02,9235.42,8407.87,2026-01-09T23:47:30.010348,agmarknet_data
Manipur,Manipur Main,Manipur Main APMC,Cotton,Standard,FAQ,01/11/2025,7867.77,8875.67,8267.87,2026-01-09T23:47:30.014357,agmarknet_data
Meghalaya,Meghalaya Main,Meghalaya Main APMC,Cotton,Standard,FAQ,01/11/2025,7867.77,8875.67,8267.87,2026-01-09T23:47:30.020435,agmarknet_data
Mizoram,Mizoram Main,Mizoram Main APMC,Cotton,Standard,FAQ,01/11/2025,7867.77,8875.67,8267.87,2026-01-09T23:47:30.026713,agmarknet_data
Nagaland,Nagaland Main,Nagaland Main APMC,Cotton,Standard,FAQ,01/11/2025,7867.77,8875.67,8267.87,2026-01-09T23:47:30.028717,agmarknet_data
Odisha,Sambalpur,Sambalpur APMC,Cotton,Standard,FAQ,01/11/2025,7109.46,8406.81,7707.87,2026-01-09T23:47:30.032466,agmarknet_data
Punjab,Patiala,Patiala APMC,Cotton,Standard,FAQ,01/11/2025,8150.63,9466.09,8617.87,2026-01-09T23:47:30.036476,agmarknet_data
Rajasthan,Udaipur,Udaipur APMC,Cotton,Standard,FAQ,01/11/2025,7687.2,8927.86,8127.87,2026-01-09T23:47:30.041706,agmarknet_data
Sikkim,Sikkim Main,Sikkim Main APMC,Cotton,Standard,FAQ,01/11/2025,7867.77,8875.67,8267.87,2026-01-09T23:47:30.045717,agmarknet_data
Tamil Nadu,Salem,Salem APMC,Cotton,Standard,FAQ,01/11/2025,8150.63,9466.09,8617.87,2026-01-09T23:47:30.048823,agmarknet_data
Telangana,Nizamabad,Nizamabad APMC,Cotton,Standard,FAQ,01/11/2025,7625.99,9017.59,8267.87,2026-01-09T23:47:30.048823,agmarknet_data
Tripura,Tripura Main,Tripura Main APMC,Cotton,Standard,FAQ,01/11/2025,7867.77,8875.67,8267.87,2026-01-09T23:47:30.059578,agmarknet_data
Uttar Pradesh,Varanasi,Varanasi APMC,Cotton,Standard,FAQ,01/11/2025,7488.59,8697.19,7917.87,2026-01-09T23:47:30.061582,agmarknet_data
Uttarakhand,Uttarakhand Main,Uttarakhand Main APMC,Cotton,Standard,FAQ,01/11/2025,8001.0,9025.96,8407.87,2026-01-09T23:47:30.065590,agmarknet_data
West Bengal,Durgapur,Durgapur APMC,Cotton,Standard,FAQ,01/11/2025,7488.59,8697.19,7917.87,2026-01-09T23:47:30.069600,agmarknet_data
Andhra Pradesh,Tirupati,Tirupati APMC,Groundnut,Standard,FAQ,01/11/2025,4512.29,5335.7,4892.08,2026-01-09T23:47:30.075840,agmarknet_data
Arunachal Pradesh,Arunachal Pradesh Main,Arunachal Pradesh Main APMC,Groundnut,Standard,FAQ,01/11/2025,4760.02,5369.81,5002.08,2026-01-09T23:47:30.075840,agmarknet_data
Assam,Jorhat,Jorhat APMC,Groundnut,Standard,FAQ,01/11/2025,4106.44,4855.8,4452.08,2026-01-09T23:47:30.075840,agmarknet_data
Bihar,Bhagalpur,Bhagalpur APMC,Groundnut,Standard,FAQ,01/11/2025,4106.44,4855.8,4452.08,2026-01-09T23:47:30.089287,agmarknet_data
Chhattisgarh,Korba,Korba APMC,Groundnut,Standard,FAQ,01/11/2025,4360.1,5155.73,4727.08,2026-01-09T23:47:30.092472,agmarknet_data
Goa,Goa Main,Goa Main APMC,Groundnut,Standard,FAQ,01/11/2025,4760.02,5369.81,5002.08,2026-01-09T23:47:30.092472,agmarknet_data
Gujarat,Vadodara,Vadodara APMC,Groundnut,Standard,FAQ,01/11/2025,4730.89,5494.42,5002.08,2026-01-09T23:47:30.092472,agmarknet_data
Haryana,Ambala,Ambala APMC,Groundnut,Standard,FAQ,01/11/2025,4886.94,5675.66,5167.08,2026-01-09T23:47:30.103583,agmarknet_data
Himachal Pradesh,Himachal Pradesh Main,Himachal Pradesh Main APMC,Groundnut,Standard,FAQ,01/11/2025,5021.72,5665.02,5277.08,2026-01-09T23:47:30.108578,agmarknet_data
Jharkhand,Bokaro,Bokaro APMC,Groundnut,Standard,FAQ,01/11/2025,4258.64,5035.76,4617.08,2026-01-09T23:47:30.112588,agmarknet_data
Karnataka,Belgaum,Belgaum APMC,Groundnut,Standard,FAQ,01/11/2025,4730.89,5494.42,5002.08,2026-01-09T23:47:30.116597,agmarknet_data
Kerala,Thrissur,Thrissur APMC,Groundnut,Standard,FAQ,01/11/2025,5121.05,6055.54,5552.08,2026-01-09T23:47:30.119605,agmarknet_data
Madhya Pradesh,Ujjain,Ujjain APMC,Groundnut,Standard,FAQ,01/11/2025,4730.89,5494.42,5002.08,2026-01-09T23:47:30.126729,agmarknet_data
Maharashtra,Nagpur,Nagpur APMC,Groundnut,Standard,FAQ,01/11/2025,4834.92,5615.25,5112.08,2026-01-09T23:47:30.128733,agmarknet_data
Manipur,Manipur Main,Manipur Main APMC,Groundnut,Standard,FAQ,01/11/2025,4760.02,5369.81,5002.08,2026-01-09T23:47:30.132741,agmarknet_data
Meghalaya,Meghalaya Main,Meghalaya Main APMC,Groundnut,Standard,FAQ,01/11/2025,4760.02,5369.81,5002.08,2026-01-09T23:47:30.139352,agmarknet_data
Mizoram,Mizoram Main,Mizoram Main APMC,Groundnut,Standard,FAQ,01/11/2025,4760.02,5369.81,5002.08,2026-01-09T23:47:30.144582,agmarknet_data
Nagaland,Nagaland Main,Nagaland Main APMC,Groundnut,Standard,FAQ,01/11/2025,4760.02,5369.81,5002.08,2026-01-09T23:47:30.144582,agmarknet_data
Odisha,Sambalpur,Sambalpur APMC,Groundnut,Standard,FAQ,01/11/2025,4207.91,4975.77,4562.08,2026-01-09T23:47:30.150746,agmarknet_data
Punjab,Patiala,Patiala APMC,Groundnut,Standard,FAQ,01/11/2025,4990.98,5796.49,5277.08,2026-01-09T23:47:30.154765,agmarknet_data
Rajasthan,Udaipur,Udaipur APMC,Groundnut,Standard,FAQ,01/11/2025,4626.85,5373.59,4892.08,2026-01-09T23:47:30.159965,agmarknet_data
Sikkim,Sikkim Main,Sikkim Main APMC,Groundnut,Standard,FAQ,01/11/2025,4760.02,5369.81,5002.08,2026-01-09T23:47:30.159965,agmarknet_data
Tamil Nadu,Salem,Salem APMC,Groundnut,Standard,FAQ,01/11/2025,4990.98,5796.49,5277.08,2026-01-09T23:47:30.168494,agmarknet_data
Telangana,Nizamabad,Nizamabad APMC,Groundnut,Standard,FAQ,01/11/2025,4613.75,5455.67,5002.08,2026-01-09T23:47:30.170498,agmarknet_data
Tripura,Tripura Main,Tripura Main APMC,Groundnut,Standard,FAQ,01/11/2025,4760.02,5369.81,5002.08,2026-01-09T23:47:30.176734,agmarknet_data
Uttar Pradesh,Varanasi,Varanasi APMC,Groundnut,Standard,FAQ,01/11/2025,4470.8,5192.35,4727.08,2026-01-09T23:47:30.180743,agmarknet_data
Uttarakhand,Uttarakhand Main,Uttarakhand Main APMC,Groundnut,Standard,FAQ,01/11/2025,4864.7,5487.89,5112.08,2026-01-09T23:47:30.184494,agmarknet_data
West Bengal,Durgapur,Durgapur APMC,Groundnut,Standard,FAQ,01/11/2025,4470.8,5192.35,4727.08,2026-01-09T23:47:30.186498,agmarknet_data
Andhra Pradesh,Tirupati,Tirupati APMC,Onion,Standard,FAQ,01/11/2025,2296.17,2715.18,2489.44,2026-01-09T23:47:30.192842,agmarknet_data
Arunachal Pradesh,Arunachal Pradesh Main,Arunachal Pradesh Main APMC,Onion,Standard,FAQ,01/11/2025,2416.55,2726.13,2539.44,2026-01-09T23:47:30.192842,agmarknet_data
Assam,Jorhat,Jorhat APMC,Onion,Standard,FAQ,01/11/2025,2111.7,2497.05,2289.44,2026-01-09T23:47:30.200458,agmarknet_data
Bihar,Bhagalpur,Bhagalpur APMC,Onion,Standard,FAQ,01/11/2025,2111.7,2497.05,2289.44,2026-01-09T23:47:30.202462,agmarknet_data
Chhattisgarh,Korba,Korba APMC,Onion,Standard,FAQ,01/11/2025,2227.0,2633.38,2414.44,2026-01-09T23:47:30.209370,agmarknet_data
Goa,Goa Main,Goa Main APMC,Onion,Standard,FAQ,01/11/2025,2416.55,2726.13,2539.44,2026-01-09T23:47:30.209899,agmarknet_data
Gujarat,Vadodara,Vadodara APMC,Onion,Standard,FAQ,01/11/2025,2401.76,2789.39,2539.44,2026-01-09T23:47:30.214429,agmarknet_data
Haryana,Ambala,Ambala APMC,Onion,Standard,FAQ,01/11/2025,2472.7,2871.77,2614.44,2026-01-09T23:47:30.218861,agmarknet_data
Himachal Pradesh,Himachal Pradesh Main,Himachal Pradesh Main APMC,Onion,Standard,FAQ,01/11/2025,2535.5,2860.32,2664.44,2026-01-09T23:47:30.224465,agmarknet_data
Jharkhand,Bokaro,Bokaro APMC,Onion,Standard,FAQ,01/11/2025,2180.88,2578.85,2364.44,2026-01-09T23:47:30.227532,agmarknet_data
Karnataka,Belgaum,Belgaum APMC,Onion,Standard,FAQ,01/11/2025,2401.76,2789.39,2539.44,2026-01-09T23:47:30.231540,agmarknet_data
Kerala,Thrissur,Thrissur APMC,Onion,Standard,FAQ,01/11/2025,2572.88,3042.39,2789.44,2026-01-09T23:47:30.235550,agmarknet_data
Madhya Pradesh,Ujjain,Ujjain APMC,Onion,Standard,FAQ,01/11/2025,2401.76,2789.39,2539.44,2026-01-09T23:47:30.241172,agmarknet_data
Maharashtra,Nagpur,Nagpur APMC,Onion,Standard,FAQ,01/11/2025,2449.05,2844.31,2589.44,2026-01-09T23:47:30.242618,agmarknet_data
Manipur,Manipur Main,Manipur Main APMC,Onion,Standard,FAQ,01/11/2025,2416.55,2726.13,2539.44,2026-01-09T23:47:30.242618,agmarknet_data
Meghalaya,Meghalaya Main,Meghalaya Main APMC,Onion,Standard,FAQ,01/11/2025,2416.55,2726.13,2539.44,2026-01-09T23:47:30.242618,agmarknet_data
Mizoram,Mizoram Main,Mizoram Main APMC,Onion,Standard,FAQ,01/11/2025,2416.55,2726.13,2539.44,2026-01-09T23:47:30.255512,agmarknet_data
Nagaland,Nagaland Main,Nagaland Main APMC,Onion,Standard,FAQ,01/11/2025,2416.55,2726.13,2539.44,2026-01-09T23:47:30.259734,agmarknet_data
Odisha,Sambalpur,Sambalpur APMC,Onion,Standard,FAQ,01/11/2025,2157.82,2551.58,2339.44,2026-01-09T23:47:30.263744,agmarknet_data
Punjab,Patiala,Patiala APMC,Onion,Standard,FAQ,01/11/2025,2519.98,2926.69,2664.44,2026-01-09T23:47:30.267753,agmarknet_data
Rajasthan,Udaipur,Udaipur APMC,Onion,Standard,FAQ,01/11/2025,2354.47,2734.47,2489.44,2026-01-09T23:47:30.271504,agmarknet_data
Sikkim,Sikkim Main,Sikkim Main APMC,Onion,Standard,FAQ,01/11/2025,2416.55,2726.13,2539.44,2026-01-09T23:47:30.276144,agmarknet_data
Tamil Nadu,Salem,Salem APMC,Onion,Standard,FAQ,01/11/2025,2519.98,2926.69,2664.44,2026-01-09T23:47:30.280152,agmarknet_data
Telangana,Nizamabad,Nizamabad APMC,Onion,Standard,FAQ,01/11/2025,2342.29,2769.72,2539.44,2026-01-09T23:47:30.282155,agmarknet_data
Tripura,Tripura Main,Tripura Main APMC,Onion,Standard,FAQ,01/11/2025,2416.55,2726.13,2539.44,2026-01-09T23:47:30.287171,agmarknet_data
Uttar Pradesh,Varanasi,Varanasi APMC,Onion,Standard,FAQ,01/11/2025,2283.54,2652.09,2414.44,2026-01-09T23:47:30.291524,agmarknet_data
Uttarakhand,Uttarakhand Main,Uttarakhand Main APMC,Onion,Standard,FAQ,01/11/2025,2464.13,2779.8,2589.44,2026-01-09T23:47:30.293400,agmarknet_data
West Bengal,Durgapur,Durgapur APMC,Onion,Standard,FAQ,01/11/2025,2283.54,2652.09,2414.44,2026-01-09T23:47:30.293400,agmarknet_data
Andhra Pradesh,Tirupati,Tirupati APMC,Tomato,Standard,FAQ,01/11/2025,2670.52,3157.84,2895.3,2026-01-09T23:47:30.305920,agmarknet_data
Arunachal Pradesh,Arunachal Pradesh Main,Arunachal Pradesh Main APMC,Tomato,Standard,FAQ,01/11/2025,2812.29,3172.55,2955.3,2026-01-09T23:47:30.311185,agmarknet_data
Assam,Jorhat,Jorhat APMC,Tomato,Standard,FAQ,01/11/2025,2449.15,2896.08,2655.3,2026-01-09T23:47:30.311185,agmarknet_data
Bihar,Bhagalpur,Bhagalpur APMC,Tomato,Standard,FAQ,01/11/2025,2449.15,2896.08,2655.3,2026-01-09T23:47:30.316721,agmarknet_data
Chhattisgarh,Korba,Korba APMC,Tomato,Standard,FAQ,01/11/2025,2587.51,3059.68,2805.3,2026-01-09T23:47:30.322627,agmarknet_data
Goa,Goa Main,Goa Main APMC,Tomato,Standard,FAQ,01/11/2025,2812.29,3172.55,2955.3,2026-01-09T23:47:30.327297,agmarknet_data
Gujarat,Vadodara,Vadodara APMC,Tomato,Standard,FAQ,01/11/2025,2795.07,3246.18,2955.3,2026-01-09T23:47:30.329894,agmarknet_data
Haryana,Ambala,Ambala APMC,Tomato,Standard,FAQ,01/11/2025,2880.19,3345.04,3045.3,2026-01-09T23:47:30.332447,agmarknet_data
Himachal Pradesh,Himachal Pradesh Main,Himachal Pradesh Main APMC,Tomato,Standard,FAQ,01/11/2025,2955.03,3333.58,3105.3,2026-01-09T23:47:30.332447,agmarknet_data
Jharkhand,Bokaro,Bokaro APMC,Tomato,Standard,FAQ,01/11/2025,2532.17,2994.24,2745.3,2026-01-09T23:47:30.343153,agmarknet_data
Karnataka,Belgaum,Belgaum APMC,Tomato,Standard,FAQ,01/11/2025,2795.07,3246.18,2955.3,2026-01-09T23:47:30.343153,agmarknet_data
Kerala,Thrissur,Thrissur APMC,Tomato,Standard,FAQ,01/11/2025,3002.57,3550.49,3255.3,2026-01-09T23:47:30.348181,agmarknet_data
Madhya Pradesh,Ujjain,Ujjain APMC,Tomato,Standard,FAQ,01/11/2025,2795.07,3246.18,2955.3,2026-01-09T23:47:30.348181,agmarknet_data
Maharashtra,Nagpur,Nagpur APMC,Tomato,Standard,FAQ,01/11/2025,2851.82,3312.08,3015.3,2026-01-09T23:47:30.360626,agmarknet_data
Manipur,Manipur Main,Manipur Main APMC,Tomato,Standard,FAQ,01/11/2025,2812.29,3172.55,2955.3,2026-01-09T23:47:30.365302,agmarknet_data
Meghalaya,Meghalaya Main,Meghalaya Main APMC,Tomato,Standard,FAQ,01/11/2025,2812.29,3172.55,2955.3,2026-01-09T23:47:30.369311,agmarknet_data
Mizoram,Mizoram Main,Mizoram Main APMC,Tomato,Standard,FAQ,01/11/2025,2812.29,3172.55,2955.3,2026-01-09T23:47:30.372934,agmarknet_data
Nagaland,Nagaland Main,Nagaland Main APMC,Tomato,Standard,FAQ,01/11/2025,2812.29,3172.55,2955.3,2026-01-09T23:47:30.376238,agmarknet_data
Odisha,Sambalpur,Sambalpur APMC,Tomato,Standard,FAQ,01/11/2025,2504.5,2961.52,2715.3,2026-01-09T23:47:30.376238,agmarknet_data
Punjab,Patiala,Patiala APMC,Tomato,Standard,FAQ,01/11/2025,2936.94,3410.94,3105.3,2026-01-09T23:47:30.376238,agmarknet_data
Rajasthan,Udaipur,Udaipur APMC,Tomato,Standard,FAQ,01/11/2025,2738.33,3180.27,2895.3,2026-01-09T23:47:30.388803,agmarknet_data
Sikkim,Sikkim Main,Sikkim Main APMC,Tomato,Standard,FAQ,01/11/2025,2812.29,3172.55,2955.3,2026-01-09T23:47:30.392662,agmarknet_data
Tamil Nadu,Salem,Salem APMC,Tomato,Standard,FAQ,01/11/2025,2936.94,3410.94,3105.3,2026-01-09T23:47:30.407985,agmarknet_data
Telangana,Nizamabad,Nizamabad APMC,Tomato,Standard,FAQ,01/11/2025,2725.86,3223.28,2955.3,2026-01-09T23:47:30.411064,agmarknet_data
Tripura,Tripura Main,Tripura Main APMC,Tomato,Standard,FAQ,01/11/2025,2812.29,3172.55,2955.3,2026-01-09T23:47:30.411064,agmarknet_data
Uttar Pradesh,Varanasi,Varanasi APMC,Tomato,Standard,FAQ,01/11/2025,2653.21,3081.41,2805.3,2026-01-09T23:47:30.411064,agmarknet_data
Uttarakhand,Uttarakhand Main,Uttarakhand Main APMC,Tomato,Standard,FAQ,01/11/2025,2869.38,3236.97,3015.3,2026-01-09T23:47:30.422791,agmarknet_data
West Bengal,Durgapur,Durgapur APMC,Tomato,Standard,FAQ,01/11/2025,2653.21,3081.41,2805.3,2026-01-09T23:47:30.422791,agmarknet_data
Andhra Pradesh,Tirupati,Tirupati APMC,Potato,Standard,FAQ,01/11/2025,1781.75,2106.89,1931.72,2026-01-09T23:47:30.422791,agmarknet_data
Arunachal Pradesh,Arunachal Pradesh Main,Arunachal Pradesh Main APMC,Potato,Standard,FAQ,01/11/2025,1876.3,2116.67,1971.72,2026-01-09T23:47:30.436309,agmarknet_data
Assam,Jorhat,Jorhat APMC,Potato,Standard,FAQ,01/11/2025,1634.17,1932.38,1771.72,2026-01-09T23:47:30.441423,agmarknet_data
Bihar,Bhagalpur,Bhagalpur APMC,Potato,Standard,FAQ,01/11/2025,1634.17,1932.38,1771.72,2026-01-09T23:47:30.443274,agmarknet_data
Chhattisgarh,Korba,Korba APMC,Potato,Standard,FAQ,01/11/2025,1726.41,2041.44,1871.72,2026-01-09T23:47:30.443274,agmarknet_data
Goa,Goa Main,Goa Main APMC,Potato,Standard,FAQ,01/11/2025,1876.3,2116.67,1971.72,2026-01-09T23:47:30.452385,agmarknet_data
Gujarat,Vadodara,Vadodara APMC,Potato,Standard,FAQ,01/11/2025,1864.82,2165.79,1971.72,2026-01-09T23:47:30.460467,agmarknet_data
Haryana,Ambala,Ambala APMC,Potato,Standard,FAQ,01/11/2025,1921.56,2231.69,2031.72,2026-01-09T23:47:30.462732,agmarknet_data
Himachal Pradesh,Himachal Pradesh Main,Himachal Pradesh Main APMC,Potato,Standard,FAQ,01/11/2025,1971.46,2224.02,2071.72,2026-01-09T23:47:30.468348,agmarknet_data
Jharkhand,Bokaro,Bokaro APMC,Potato,Standard,FAQ,01/11/2025,1689.51,1997.82,1831.72,2026-01-09T23:47:30.472755,agmarknet_data
Karnataka,Belgaum,Belgaum APMC,Potato,Standard,FAQ,01/11/2025,1864.82,2165.79,1971.72,2026-01-09T23:47:30.476405,agmarknet_data
Kerala,Thrissur,Thrissur APMC,Potato,Standard,FAQ,01/11/2025,2003.12,2368.65,2171.72,2026-01-09T23:47:30.476405,agmarknet_data
Madhya Pradesh,Ujjain,Ujjain APMC,Potato,Standard,FAQ,01/11/2025,1864.82,2165.79,1971.72,2026-01-09T23:47:30.484524,agmarknet_data
Maharashtra,Nagpur,Nagpur APMC,Potato,Standard,FAQ,01/11/2025,1902.65,2209.72,2011.72,2026-01-09T23:47:30.485874,agmarknet_data
Manipur,Manipur Main,Manipur Main APMC,Potato,Standard,FAQ,01/11/2025,1876.3,2116.67,1971.72,2026-01-09T23:47:30.489471,agmarknet_data
Meghalaya,Meghalaya Main,Meghalaya Main APMC,Potato,Standard,FAQ,01/11/2025,1876.3,2116.67,1971.72,2026-01-09T23:47:30.493107,agmarknet_data
Mizoram,Mizoram Main,Mizoram Main APMC,Potato,Standard,FAQ,01/11/2025,1876.3,2116.67,1971.72,2026-01-09T23:47:30.493107,agmarknet_data
Nagaland,Nagaland Main,Nagaland Main APMC,Potato,Standard,FAQ,01/11/2025,1876.3,2116.67,1971.72,2026-01-09T23:47:30.500714,agmarknet_data
Odisha,Sambalpur,Sambalpur APMC,Potato,Standard,FAQ,01/11/2025,1671.06,1976.0,1811.72,2026-01-09T23:47:30.506187,agmarknet_data
Punjab,Patiala,Patiala APMC,Potato,Standard,FAQ,01/11/2025,1959.4,2275.63,2071.72,2026-01-09T23:47:30.511893,agmarknet_data
Rajasthan,Udaipur,Udaipur APMC,Potato,Standard,FAQ,01/11/2025,1826.99,2121.85,1931.72,2026-01-09T23:47:30.515903,agmarknet_data
Sikkim,Sikkim Main,Sikkim Main APMC,Potato,Standard,FAQ,01/11/2025,1876.3,2116.67,1971.72,2026-01-09T23:47:30.522713,agmarknet_data
Tamil Nadu,Salem,Salem APMC,Potato,Standard,FAQ,01/11/2025,1959.4,2275.63,2071.72,2026-01-09T23:47:30.527741,agmarknet_data
Telangana,Nizamabad,Nizamabad APMC,Potato,Standard,FAQ,01/11/2025,1818.64,2150.51,1971.72,2026-01-09T23:47:30.531839,agmarknet_data
Tripura,Tripura Main,Tripura Main APMC,Potato,Standard,FAQ,01/11/2025,1876.3,2116.67,1971.72,2026-01-09T23:47:30.537855,agmarknet_data
Uttar Pradesh,Varanasi,Varanasi APMC,Potato,Standard,FAQ,01/11/2025,1770.24,2055.94,1871.72,2026-01-09T23:47:30.543657,agmarknet_data
Uttarakhand,Uttarakhand Main,Uttarakhand Main APMC,Potato,Standard,FAQ,01/11/2025,1914.37,2159.61,2011.72,2026-01-09T23:47:30.543657,agmarknet_data
West Bengal,Durgapur,Durgapur APMC,Potato,Standard,FAQ,01/11/2025,1770.24,2055.94,1871.72,2026-01-09T23:47:30.543657,agmarknet_data
Andhra Pradesh,Tirupati,Tirupati APMC,Green Gram(Moong)(Whole),Standard,FAQ,01/11/2025,7361.69,8705.07,7981.32,2026-01-09T23:47:30.543657,agmarknet_data
Arunachal Pradesh,Arunachal Pradesh Main,Arunachal Pradesh Main APMC,Green Gram(Moong)(Whole),Standard,FAQ,01/11/2025,7728.32,8718.36,8121.32,2026-01-09T23:47:30.560666,agmarknet_data
Assam,Jorhat,Jorhat APMC,Green Gram(Moong)(Whole),Standard,FAQ,01/11/2025,6845.17,8094.29,7421.32,2026-01-09T23:47:30.564176,agmarknet_data
Bihar,Bhagalpur,Bhagalpur APMC,Green Gram(Moong)(Whole),Standard,FAQ,01/11/2025,6845.17,8094.29,7421.32,2026-01-09T23:47:30.568185,agmarknet_data
Chhattisgarh,Korba,Korba APMC,Green Gram(Moong)(Whole),Standard,FAQ,01/11/2025,7168.0,8476.02,7771.32,2026-01-09T23:47:30.572591,agmarknet_data
Goa,Goa Main,Goa Main APMC,Green Gram(Moong)(Whole),Standard,FAQ,01/11/2025,7728.32,8718.36,8121.32,2026-01-09T23:47:30.575806,agmarknet_data
Gujarat,Vadodara,Vadodara APMC,Green Gram(Moong)(Whole),Standard,FAQ,01/11/2025,7681.01,8920.68,8121.32,2026-01-09T23:47:30.575806,agmarknet_data
Haryana,Ambala,Ambala APMC,Green Gram(Moong)(Whole),Standard,FAQ,01/11/2025,7879.63,9151.35,8331.32,2026-01-09T23:47:30.575806,agmarknet_data
Himachal Pradesh,Himachal Pradesh Main,Himachal Pradesh Main APMC,Green Gram(Moong)(Whole),Standard,FAQ,01/11/2025,8061.38,9094.09,8471.32,2026-01-09T23:47:30.591133,agmarknet_data
Jharkhand,Bokaro,Bokaro APMC,Green Gram(Moong)(Whole),Standard,FAQ,01/11/2025,7038.87,8323.33,7631.32,2026-01-09T23:47:30.592569,agmarknet_data
Karnataka,Belgaum,Belgaum APMC,Green Gram(Moong)(Whole),Standard,FAQ,01/11/2025,7681.01,8920.68,8121.32,2026-01-09T23:47:30.592569,agmarknet_data
Kerala,Thrissur,Thrissur APMC,Green Gram(Moong)(Whole),Standard,FAQ,01/11/2025,8136.48,9621.24,8821.32,2026-01-09T23:47:30.592569,agmarknet_data
Madhya Pradesh,Ujjain,Ujjain APMC,Green Gram(Moong)(Whole),Standard,FAQ,01/11/2025,7681.01,8920.68,8121.32,2026-01-09T23:47:30.606021,agmarknet_data
Maharashtra,Nagpur,Nagpur APMC,Green Gram(Moong)(Whole),Standard,FAQ,01/11/2025,7813.42,9074.46,8261.32,2026-01-09T23:47:30.612574,agmarknet_data
Manipur,Manipur Main,Manipur Main APMC,Green Gram(Moong)(Whole),Standard,FAQ,01/11/2025,7728.32,8718.36,8121.32,2026-01-09T23:47:30.612574,agmarknet_data
Meghalaya,Meghalaya Main,Meghalaya Main APMC,Green Gram(Moong)(Whole),Standard,FAQ,01/11/2025,7728.32,8718.36,8121.32,2026-01-09T23:47:30.622179,agmarknet_data
Mizoram,Mizoram Main,Mizoram Main APMC,Green Gram(Moong)(Whole),Standard,FAQ,01/11/2025,7728.32,8718.36,8121.32,2026-01-09T23:47:30.628481,agmarknet_data
Nagaland,Nagaland Main,Nagaland Main APMC,Green Gram(Moong)(Whole),Standard,FAQ,01/11/2025,7728.32,8718.36,8121.32,2026-01-09T23:47:30.632492,agmarknet_data
Odisha,Sambalpur,Sambalpur APMC,Green Gram(Moong)(Whole),Standard,FAQ,01/11/2025,6974.3,8246.98,7561.32,2026-01-09T23:47:30.635727,agmarknet_data
Punjab,Patiala,Patiala APMC,Green Gram(Moong)(Whole),Standard,FAQ,01/11/2025,8012.04,9305.13,8471.32,2026-01-09T23:47:30.642652,agmarknet_data
Rajasthan,Udaipur,Udaipur APMC,Green Gram(Moong)(Whole),Standard,FAQ,01/11/2025,7548.6,8766.9,7981.32,2026-01-09T23:47:30.646664,agmarknet_data
Sikkim,Sikkim Main,Sikkim Main APMC,Green Gram(Moong)(Whole),Standard,FAQ,01/11/2025,7728.32,8718.36,8121.32,2026-01-09T23:47:30.651895,agmarknet_data
Tamil Nadu,Salem,Salem APMC,Green Gram(Moong)(Whole),Standard,FAQ,01/11/2025,8012.04,9305.13,8471.32,2026-01-09T23:47:30.653898,agmarknet_data
Telangana,Nizamabad,Nizamabad APMC,Green Gram(Moong)(Whole),Standard,FAQ,01/11/2025,7490.82,8857.76,8121.32,2026-01-09T23:47:30.660219,agmarknet_data
Tripura,Tripura Main,Tripura Main APMC,Green Gram(Moong)(Whole),Standard,FAQ,01/11/2025,7728.32,8718.36,8121.32,2026-01-09T23:47:30.662727,agmarknet_data
Uttar Pradesh,Varanasi,Varanasi APMC,Green Gram(Moong)(Whole),Standard,FAQ,01/11/2025,7349.99,8536.23,7771.32,2026-01-09T23:47:30.666476,agmarknet_data
Uttarakhand,Uttarakhand Main,Uttarakhand Main APMC,Green Gram(Moong)(Whole),Standard,FAQ,01/11/2025,7861.55,8868.65,8261.32,2026-01-09T23:47:30.666476,agmarknet_data
West Bengal,Durgapur,Durgapur APMC,Green Gram(Moong)(Whole),Standard,FAQ,01/11/2025,7349.99,8536.23,7771.32,2026-01-09T23:47:30.675648,agmarknet_data
Andhra Pradesh,Tirupati,Tirupati APMC,Bengal Gram(Gram)(Whole),Standard,FAQ,01/11/2025,4470.69,5286.5,4846.98,2026-01-09T23:47:30.682263,agmarknet_data
Arunachal Pradesh,Arunachal Pradesh Main,Arunachal Pradesh Main APMC,Bengal Gram(Gram)(Whole),Standard,FAQ,01/11/2025,4717.1,5321.39,4956.98,2026-01-09T23:47:30.683622,agmarknet_data
Assam,Jorhat,Jorhat APMC,Bengal Gram(Gram)(Whole),Standard,FAQ,01/11/2025,4064.84,4806.6,4406.98,2026-01-09T23:47:30.690032,agmarknet_data
Bihar,Bhagalpur,Bhagalpur APMC,Bengal Gram(Gram)(Whole),Standard,FAQ,01/11/2025,4064.84,4806.6,4406.98,2026-01-09T23:47:30.694658,agmarknet_data
Chhattisgarh,Korba,Korba APMC,Bengal Gram(Gram)(Whole),Standard,FAQ,01/11/2025,4318.5,5106.54,4681.98,2026-01-09T23:47:30.694658,agmarknet_data
Goa,Goa Main,Goa Main APMC,Bengal Gram(Gram)(Whole),Standard,FAQ,01/11/2025,4717.1,5321.39,4956.98,2026-01-09T23:47:30.694658,agmarknet_data
Gujarat,Vadodara,Vadodara APMC,Bengal Gram(Gram)(Whole),Standard,FAQ,01/11/2025,4688.23,5444.88,4956.98,2026-01-09T23:47:30.706668,agmarknet_data
Haryana,Ambala,Ambala APMC,Bengal Gram(Gram)(Whole),Standard,FAQ,01/11/2025,4844.29,5626.12,5121.98,2026-01-09T23:47:30.708676,agmarknet_data
Himachal Pradesh,Himachal Pradesh Main,Himachal Pradesh Main APMC,Bengal Gram(Gram)(Whole),Standard,FAQ,01/11/2025,4978.8,5616.61,5231.98,2026-01-09T23:47:30.713345,agmarknet_data
Jharkhand,Bokaro,Bokaro APMC,Bengal Gram(Gram)(Whole),Standard,FAQ,01/11/2025,4217.04,4986.57,4571.98,2026-01-09T23:47:30.713345,agmarknet_data
Karnataka,Belgaum,Belgaum APMC,Bengal Gram(Gram)(Whole),Standard,FAQ,01/11/2025,4688.23,5444.88,4956.98,2026-01-09T23:47:30.721536,agmarknet_data
Kerala,Thrissur,Thrissur APMC,Bengal Gram(Gram)(Whole),Standard,FAQ,01/11/2025,5079.45,6006.35,5506.98,2026-01-09T23:47:30.727778,agmarknet_data
Madhya Pradesh,Ujjain,Ujjain APMC,Bengal Gram(Gram)(Whole),Standard,FAQ,01/11/2025,4688.23,5444.88,4956.98,2026-01-09T23:47:30.729886,agmarknet_data
Maharashtra,Nagpur,Nagpur APMC,Bengal Gram(Gram)(Whole),Standard,FAQ,01/11/2025,4792.27,5565.71,5066.98,2026-01-09T23:47:30.729886,agmarknet_data
Manipur,Manipur Main,Manipur Main APMC,Bengal Gram(Gram)(Whole),Standard,FAQ,01/11/2025,4717.1,5321.39,4956.98,2026-01-09T23:47:30.739277,agmarknet_data
Meghalaya,Meghalaya Main,Meghalaya Main APMC,Bengal Gram(Gram)(Whole),Standard,FAQ,01/11/2025,4717.1,5321.39,4956.98,2026-01-09T23:47:30.743186,agmarknet_data
Mizoram,Mizoram Main,Mizoram Main APMC,Bengal Gram(Gram)(Whole),Standard,FAQ,01/11/2025,4717.1,5321.39,4956.98,2026-01-09T23:47:30.743186,agmarknet_data
Nagaland,Nagaland Main,Nagaland Main APMC,Bengal Gram(Gram)(Whole),Standard,FAQ,01/11/2025,4717.1,5321.39,4956.98,2026-01-09T23:47:30.743186,agmarknet_data
Odisha,Sambalpur,Sambalpur APMC,Bengal Gram(Gram)(Whole),Standard,FAQ,01/11/2025,4166.3,4926.58,4516.98,2026-01-09T23:47:30.758321,agmarknet_data
Punjab,Patiala,Patiala APMC,Bengal Gram(Gram)(Whole),Standard,FAQ,01/11/2025,4948.32,5746.95,5231.98,2026-01-09T23:47:30.761570,agmarknet_data
Rajasthan,Udaipur,Udaipur APMC,Bengal Gram(Gram)(Whole),Standard,FAQ,01/11/2025,4584.19,5324.05,4846.98,2026-01-09T23:47:30.765581,agmarknet_data
Sikkim,Sikkim Main,Sikkim Main APMC,Bengal Gram(Gram)(Whole),Standard,FAQ,01/11/2025,4717.1,5321.39,4956.98,2026-01-09T23:47:30.769567,agmarknet_data
Tamil Nadu,Salem,Salem APMC,Bengal Gram(Gram)(Whole),Standard,FAQ,01/11/2025,4948.32,5746.95,5231.98,2026-01-09T23:47:30.774387,agmarknet_data
Telangana,Nizamabad,Nizamabad APMC,Bengal Gram(Gram)(Whole),Standard,FAQ,01/11/2025,4572.15,5406.48,4956.98,2026-01-09T23:47:30.775992,agmarknet_data
Tripura,Tripura Main,Tripura Main APMC,Bengal Gram(Gram)(Whole),Standard,FAQ,01/11/2025,4717.1,5321.39,4956.98,2026-01-09T23:47:30.775992,agmarknet_data
Uttar Pradesh,Varanasi,Varanasi APMC,Bengal Gram(Gram)(Whole),Standard,FAQ,01/11/2025,4428.14,5142.81,4681.98,2026-01-09T23:47:30.775992,agmarknet_data
Uttarakhand,Uttarakhand Main,Uttarakhand Main APMC,Bengal Gram(Gram)(Whole),Standard,FAQ,01/11/2025,4821.78,5439.48,5066.98,2026-01-09T23:47:30.788875,agmarknet_data
West Bengal,Durgapur,Durgapur APMC,Bengal Gram(Gram)(Whole),Standard,FAQ,01/11/2025,4428.14,5142.81,4681.98,2026-01-09T23:47:30.792580,agmarknet_data
Andhra Pradesh,Tirupati,Tirupati APMC,Lentil(Masur)(Whole),Standard,FAQ,01/11/2025,4899.8,5793.93,5312.22,2026-01-09T23:47:30.792580,agmarknet_data
Arunachal Pradesh,Arunachal Pradesh Main,Arunachal Pradesh Main APMC,Lentil(Masur)(Whole),Standard,FAQ,01/11/2025,5169.34,5831.56,5432.22,2026-01-09T23:47:30.792580,agmarknet_data
Assam,Jorhat,Jorhat APMC,Lentil(Masur)(Whole),Standard,FAQ,01/11/2025,4457.07,5270.4,4832.22,2026-01-09T23:47:30.804359,agmarknet_data
Bihar,Bhagalpur,Bhagalpur APMC,Lentil(Masur)(Whole),Standard,FAQ,01/11/2025,4457.07,5270.4,4832.22,2026-01-09T23:47:30.814167,agmarknet_data
Chhattisgarh,Korba,Korba APMC,Lentil(Masur)(Whole),Standard,FAQ,01/11/2025,4733.78,5597.6,5132.22,2026-01-09T23:47:30.817861,agmarknet_data
Goa,Goa Main,Goa Main APMC,Lentil(Masur)(Whole),Standard,FAQ,01/11/2025,5169.34,5831.56,5432.22,2026-01-09T23:47:30.825996,agmarknet_data
Gujarat,Vadodara,Vadodara APMC,Lentil(Masur)(Whole),Standard,FAQ,01/11/2025,5137.7,5966.89,5432.22,2026-01-09T23:47:30.825996,agmarknet_data
Haryana,Ambala,Ambala APMC,Lentil(Masur)(Whole),Standard,FAQ,01/11/2025,5307.94,6164.61,5612.22,2026-01-09T23:47:30.833602,agmarknet_data
Himachal Pradesh,Himachal Pradesh Main,Himachal Pradesh Main APMC,Lentil(Masur)(Whole),Standard,FAQ,01/11/2025,5454.83,6153.61,5732.22,2026-01-09T23:47:30.839413,agmarknet_data
Jharkhand,Bokaro,Bokaro APMC,Lentil(Masur)(Whole),Standard,FAQ,01/11/2025,4623.09,5466.72,5012.22,2026-01-09T23:47:30.844724,agmarknet_data
Karnataka,Belgaum,Belgaum APMC,Lentil(Masur)(Whole),Standard,FAQ,01/11/2025,5137.7,5966.89,5432.22,2026-01-09T23:47:30.849333,agmarknet_data
Kerala,Thrissur,Thrissur APMC,Lentil(Masur)(Whole),Standard,FAQ,01/11/2025,5563.9,6579.22,6032.22,2026-01-09T23:47:30.850703,agmarknet_data
Madhya Pradesh,Ujjain,Ujjain APMC,Lentil(Masur)(Whole),Standard,FAQ,01/11/2025,5137.7,5966.89,5432.22,2026-01-09T23:47:30.856263,agmarknet_data
Maharashtra,Nagpur,Nagpur APMC,Lentil(Masur)(Whole),Standard,FAQ,01/11/2025,5251.19,6098.7,5552.22,2026-01-09T23:47:30.860397,agmarknet_data
Manipur,Manipur Main,Manipur Main APMC,Lentil(Masur)(Whole),Standard,FAQ,01/11/2025,5169.34,5831.56,5432.22,2026-01-09T23:47:30.860397,agmarknet_data
Meghalaya,Meghalaya Main,Meghalaya Main APMC,Lentil(Masur)(Whole),Standard,FAQ,01/11/2025,5169.34,5831.56,5432.22,2026-01-09T23:47:30.865895,agmarknet_data
Mizoram,Mizoram Main,Mizoram Main APMC,Lentil(Masur)(Whole),Standard,FAQ,01/11/2025,5169.34,5831.56,5432.22,2026-01-09T23:47:30.865895,agmarknet_data
Nagaland,Nagaland Main,Nagaland Main APMC,Lentil(Masur)(Whole),Standard,FAQ,01/11/2025,5169.34,5831.56,5432.22,2026-01-09T23:47:30.875085,agmarknet_data
Odisha,Sambalpur,Sambalpur APMC,Lentil(Masur)(Whole),Standard,FAQ,01/11/2025,4567.75,5401.28,4952.22,2026-01-09T23:47:30.881787,agmarknet_data
Punjab,Patiala,Patiala APMC,Lentil(Masur)(Whole),Standard,FAQ,01/11/2025,5421.44,6296.42,5732.22,2026-01-09T23:47:30.885797,agmarknet_data
Rajasthan,Udaipur,Udaipur APMC,Lentil(Masur)(Whole),Standard,FAQ,01/11/2025,5024.21,5835.08,5312.22,2026-01-09T23:47:30.891329,agmarknet_data
Sikkim,Sikkim Main,Sikkim Main APMC,Lentil(Masur)(Whole),Standard,FAQ,01/11/2025,5169.34,5831.56,5432.22,2026-01-09T23:47:30.896507,agmarknet_data
Tamil Nadu,Salem,Salem APMC,Lentil(Masur)(Whole),Standard,FAQ,01/11/2025,5421.44,6296.42,5732.22,2026-01-09T23:47:30.896507,agmarknet_data
Telangana,Nizamabad,Nizamabad APMC,Lentil(Masur)(Whole),Standard,FAQ,01/11/2025,5010.49,5924.81,5432.22,2026-01-09T23:47:30.903523,agmarknet_data
Tripura,Tripura Main,Tripura Main APMC,Lentil(Masur)(Whole),Standard,FAQ,01/11/2025,5169.34,5831.56,5432.22,2026-01-09T23:47:30.910702,agmarknet_data
Uttar Pradesh,Varanasi,Varanasi APMC,Lentil(Masur)(Whole),Standard,FAQ,01/11/2025,4853.97,5637.36,5132.22,2026-01-09T23:47:30.912706,agmarknet_data
Uttarakhand,Uttarakhand Main,Uttarakhand Main APMC,Lentil(Masur)(Whole),Standard,FAQ,01/11/2025,5283.54,5960.38,5552.22,2026-01-09T23:47:30.917216,agmarknet_data
West Bengal,Durgapur,Durgapur APMC,Lentil(Masur)(Whole),Standard,FAQ,01/11/2025,4853.97,5637.36,5132.22,2026-01-09T23:47:30.920625,agmarknet_data
Andhra Pradesh,Tirupati,Tirupati APMC,Mustard,Standard,FAQ,01/11/2025,4102.08,4850.63,4447.35,2026-01-09T23:47:30.925674,agmarknet_data
Arunachal Pradesh,Arunachal Pradesh Main,Arunachal Pradesh Main APMC,Mustard,Standard,FAQ,01/11/2025,4327.29,4881.64,4547.35,2026-01-09T23:47:30.925674,agmarknet_data
Assam,Jorhat,Jorhat APMC,Mustard,Standard,FAQ,01/11/2025,3733.13,4414.36,4047.35,2026-01-09T23:47:30.935317,agmarknet_data
Bihar,Bhagalpur,Bhagalpur APMC,Mustard,Standard,FAQ,01/11/2025,3733.13,4414.36,4047.35,2026-01-09T23:47:30.939219,agmarknet_data
Chhattisgarh,Korba,Korba APMC,Mustard,Standard,FAQ,01/11/2025,3963.72,4687.03,4297.35,2026-01-09T23:47:30.942367,agmarknet_data
Goa,Goa Main,Goa Main APMC,Mustard,Standard,FAQ,01/11/2025,4327.29,4881.64,4547.35,2026-01-09T23:47:30.942367,agmarknet_data
Gujarat,Vadodara,Vadodara APMC,Mustard,Standard,FAQ,01/11/2025,4300.81,4994.93,4547.35,2026-01-09T23:47:30.942367,agmarknet_data
Haryana,Ambala,Ambala APMC,Mustard,Standard,FAQ,01/11/2025,4442.67,5159.69,4697.35,2026-01-09T23:47:30.956036,agmarknet_data
Himachal Pradesh,Himachal Pradesh Main,Himachal Pradesh Main APMC,Mustard,Standard,FAQ,01/11/2025,4565.2,5150.02,4797.35,2026-01-09T23:47:30.959867,agmarknet_data
Jharkhand,Bokaro,Bokaro APMC,Mustard,Standard,FAQ,01/11/2025,3871.49,4577.96,4197.35,2026-01-09T23:47:30.963879,agmarknet_data
Karnataka,Belgaum,Belgaum APMC,Mustard,Standard,FAQ,01/11/2025,4300.81,4994.93,4547.35,2026-01-09T23:47:30.967128,agmarknet_data
Kerala,Thrissur,Thrissur APMC,Mustard,Standard,FAQ,01/11/2025,4655.5,5505.04,5047.35,2026-01-09T23:47:30.967128,agmarknet_data
Madhya Pradesh,Ujjain,Ujjain APMC,Mustard,Standard,FAQ,01/11/2025,4300.81,4994.93,4547.35,2026-01-09T23:47:30.975629,agmarknet_data
Maharashtra,Nagpur,Nagpur APMC,Mustard,Standard,FAQ,01/11/2025,4395.38,5104.77,4647.35,2026-01-09T23:47:30.975629,agmarknet_data
Manipur,Manipur Main,Manipur Main APMC,Mustard,Standard,FAQ,01/11/2025,4327.29,4881.64,4547.35,2026-01-09T23:47:30.983252,agmarknet_data
Meghalaya,Meghalaya Main,Meghalaya Main APMC,Mustard,Standard,FAQ,01/11/2025,4327.29,4881.64,4547.35,2026-01-09T23:47:30.983252,agmarknet_data
Mizoram,Mizoram Main,Mizoram Main APMC,Mustard,Standard,FAQ,01/11/2025,4327.29,4881.64,4547.35,2026-01-09T23:47:30.990966,agmarknet_data
Nagaland,Nagaland Main,Nagaland Main APMC,Mustard,Standard,FAQ,01/11/2025,4327.29,4881.64,4547.35,2026-01-09T23:47:30.994977,agmarknet_data
Odisha,Sambalpur,Sambalpur APMC,Mustard,Standard,FAQ,01/11/2025,3825.37,4523.43,4147.35,2026-01-09T23:47:30.998985,agmarknet_data
Punjab,Patiala,Patiala APMC,Mustard,Standard,FAQ,01/11/2025,4537.25,5269.53,4797.35,2026-01-09T23:47:30.998985,agmarknet_data
Rajasthan,Udaipur,Udaipur APMC,Mustard,Standard,FAQ,01/11/2025,4206.23,4885.09,4447.35,2026-01-09T23:47:31.006358,agmarknet_data
Sikkim,Sikkim Main,Sikkim Main APMC,Mustard,Standard,FAQ,01/11/2025,4327.29,4881.64,4547.35,2026-01-09T23:47:31.009438,agmarknet_data
Tamil Nadu,Salem,Salem APMC,Mustard,Standard,FAQ,01/11/2025,4537.25,5269.53,4797.35,2026-01-09T23:47:31.009438,agmarknet_data
Telangana,Nizamabad,Nizamabad APMC,Mustard,Standard,FAQ,01/11/2025,4194.31,4959.7,4547.35,2026-01-09T23:47:31.015553,agmarknet_data
Tripura,Tripura Main,Tripura Main APMC,Mustard,Standard,FAQ,01/11/2025,4327.29,4881.64,4547.35,2026-01-09T23:47:31.015553,agmarknet_data
Uttar Pradesh,Varanasi,Varanasi APMC,Mustard,Standard,FAQ,01/11/2025,4064.36,4720.32,4297.35,2026-01-09T23:47:31.026457,agmarknet_data
Uttarakhand,Uttarakhand Main,Uttarakhand Main APMC,Mustard,Standard,FAQ,01/11/2025,4422.46,4988.99,4647.35,2026-01-09T23:47:31.026457,agmarknet_data
West Bengal,Durgapur,Durgapur APMC,Mustard,Standard,FAQ,01/11/2025,4064.36,4720.32,4297.35,2026-01-09T23:47:31.031069,agmarknet_data
Andhra Pradesh,Tirupati,Tirupati APMC,Sugarcane,Standard,FAQ,01/11/2025,349.86,413.71,379.31,2026-01-09T23:47:31.031069,agmarknet_data
Arunachal Pradesh,Arunachal Pradesh Main,Arunachal Pradesh Main APMC,Sugarcane,Standard,FAQ,01/11/2025,367.62,414.71,386.31,2026-01-09T23:47:31.042638,agmarknet_data
Assam,Jorhat,Jorhat APMC,Sugarcane,Standard,FAQ,01/11/2025,324.04,383.17,351.31,2026-01-09T23:47:31.046647,agmarknet_data
Bihar,Bhagalpur,Bhagalpur APMC,Sugarcane,Standard,FAQ,01/11/2025,324.04,383.17,351.31,2026-01-09T23:47:31.050655,agmarknet_data
Chhattisgarh,Korba,Korba APMC,Sugarcane,Standard,FAQ,01/11/2025,340.18,402.25,368.81,2026-01-09T23:47:31.052659,agmarknet_data
Goa,Goa Main,Goa Main APMC,Sugarcane,Standard,FAQ,01/11/2025,367.62,414.71,386.31,2026-01-09T23:47:31.059224,agmarknet_data
Gujarat,Vadodara,Vadodara APMC,Sugarcane,Standard,FAQ,01/11/2025,365.37,424.33,386.31,2026-01-09T23:47:31.061355,agmarknet_data
Haryana,Ambala,Ambala APMC,Sugarcane,Standard,FAQ,01/11/2025,375.3,435.87,396.81,2026-01-09T23:47:31.065871,agmarknet_data
Himachal Pradesh,Himachal Pradesh Main,Himachal Pradesh Main APMC,Sugarcane,Standard,FAQ,01/11/2025,384.27,433.5,403.81,2026-01-09T23:47:31.070392,agmarknet_data
Jharkhand,Bokaro,Bokaro APMC,Sugarcane,Standard,FAQ,01/11/2025,333.72,394.62,361.81,2026-01-09T23:47:31.074053,agmarknet_data
Karnataka,Belgaum,Belgaum APMC,Sugarcane,Standard,FAQ,01/11/2025,365.37,424.33,386.31,2026-01-09T23:47:31.078062,agmarknet_data
Kerala,Thrissur,Thrissur APMC,Sugarcane,Standard,FAQ,01/11/2025,388.6,459.51,421.31,2026-01-09T23:47:31.082072,agmarknet_data
Madhya Pradesh,Ujjain,Ujjain APMC,Sugarcane,Standard,FAQ,01/11/2025,365.37,424.33,386.31,2026-01-09T23:47:31.086081,agmarknet_data
Maharashtra,Nagpur,Nagpur APMC,Sugarcane,Standard,FAQ,01/11/2025,371.99,432.02,393.31,2026-01-09T23:47:31.091063,agmarknet_data
Manipur,Manipur Main,Manipur Main APMC,Sugarcane,Standard,FAQ,01/11/2025,367.62,414.71,386.31,2026-01-09T23:47:31.092424,agmarknet_data
Meghalaya,Meghalaya Main,Meghalaya Main APMC,Sugarcane,Standard,FAQ,01/11/2025,367.62,414.71,386.31,2026-01-09T23:47:31.092424,agmarknet_data
Mizoram,Mizoram Main,Mizoram Main APMC,Sugarcane,Standard,FAQ,01/11/2025,367.62,414.71,386.31,2026-01-09T23:47:31.103439,agmarknet_data
Nagaland,Nagaland Main,Nagaland Main APMC,Sugarcane,Standard,FAQ,01/11/2025,367.62,414.71,386.31,2026-01-09T23:47:31.109669,agmarknet_data
Odisha,Sambalpur,Sambalpur APMC,Sugarcane,Standard,FAQ,01/11/2025,330.49,390.8,358.31,2026-01-09T23:47:31.109669,agmarknet_data
Punjab,Patiala,Patiala APMC,Sugarcane,Standard,FAQ,01/11/2025,381.92,443.56,403.81,2026-01-09T23:47:31.116294,agmarknet_data
Rajasthan,Udaipur,Udaipur APMC,Sugarcane,Standard,FAQ,01/11/2025,358.75,416.64,379.31,2026-01-09T23:47:31.118136,agmarknet_data
Sikkim,Sikkim Main,Sikkim Main APMC,Sugarcane,Standard,FAQ,01/11/2025,367.62,414.71,386.31,2026-01-09T23:47:31.124428,agmarknet_data
Tamil Nadu,Salem,Salem APMC,Sugarcane,Standard,FAQ,01/11/2025,381.92,443.56,403.81,2026-01-09T23:47:31.128438,agmarknet_data
Telangana,Nizamabad,Nizamabad APMC,Sugarcane,Standard,FAQ,01/11/2025,356.32,421.34,386.31,2026-01-09T23:47:31.132448,agmarknet_data
Tripura,Tripura Main,Tripura Main APMC,Sugarcane,Standard,FAQ,01/11/2025,367.62,414.71,386.31,2026-01-09T23:47:31.136198,agmarknet_data
Uttar Pradesh,Varanasi,Varanasi APMC,Sugarcane,Standard,FAQ,01/11/2025,348.82,405.11,368.81,2026-01-09T23:47:31.141103,agmarknet_data
Uttarakhand,Uttarakhand Main,Uttarakhand Main APMC,Sugarcane,Standard,FAQ,01/11/2025,374.28,422.22,393.31,2026-01-09T23:47:31.142604,agmarknet_data
West Bengal,Durgapur,Durgapur APMC,Sugarcane,Standard,FAQ,01/11/2025,348.82,405.11,368.81,2026-01-09T23:47:31.142604,agmarknet_data
Andhra Pradesh,Tirupati,Tirupati APMC,Turmeric,Standard,FAQ,01/11/2025,7036.23,8320.21,7628.47,2026-01-09T23:47:31.151582,agmarknet_data
Arunachal Pradesh,Arunachal Pradesh Main,Arunachal Pradesh Main APMC,Turmeric,Standard,FAQ,01/11/2025,7411.57,8361.03,7788.47,2026-01-09T23:47:31.156004,agmarknet_data
Assam,Jorhat,Jorhat APMC,Turmeric,Standard,FAQ,01/11/2025,6445.92,7622.18,6988.47,2026-01-09T23:47:31.159716,agmarknet_data
Bihar,Bhagalpur,Bhagalpur APMC,Turmeric,Standard,FAQ,01/11/2025,6445.92,7622.18,6988.47,2026-01-09T23:47:31.163727,agmarknet_data
Chhattisgarh,Korba,Korba APMC,Turmeric,Standard,FAQ,01/11/2025,6814.86,8058.45,7388.47,2026-01-09T23:47:31.166825,agmarknet_data
Goa,Goa Main,Goa Main APMC,Turmeric,Standard,FAQ,01/11/2025,7411.57,8361.03,7788.47,2026-01-09T23:47:31.173027,agmarknet_data
Gujarat,Vadodara,Vadodara APMC,Turmeric,Standard,FAQ,01/11/2025,7366.2,8555.06,7788.47,2026-01-09T23:47:31.177404,agmarknet_data
Haryana,Ambala,Ambala APMC,Turmeric,Standard,FAQ,01/11/2025,7593.19,8818.68,8028.47,2026-01-09T23:47:31.183515,agmarknet_data
Himachal Pradesh,Himachal Pradesh Main,Himachal Pradesh Main APMC,Turmeric,Standard,FAQ,01/11/2025,7792.21,8790.43,8188.47,2026-01-09T23:47:31.185518,agmarknet_data
Jharkhand,Bokaro,Bokaro APMC,Turmeric,Standard,FAQ,01/11/2025,6667.28,7883.94,7228.47,2026-01-09T23:47:31.191191,agmarknet_data
Karnataka,Belgaum,Belgaum APMC,Turmeric,Standard,FAQ,01/11/2025,7366.2,8555.06,7788.47,2026-01-09T23:47:31.191191,agmarknet_data
Kerala,Thrissur,Thrissur APMC,Turmeric,Standard,FAQ,01/11/2025,7921.7,9367.27,8588.47,2026-01-09T23:47:31.199671,agmarknet_data
Madhya Pradesh,Ujjain,Ujjain APMC,Turmeric,Standard,FAQ,01/11/2025,7366.2,8555.06,7788.47,2026-01-09T23:47:31.201681,agmarknet_data
Maharashtra,Nagpur,Nagpur APMC,Turmeric,Standard,FAQ,01/11/2025,7517.53,8730.81,7948.47,2026-01-09T23:47:31.208443,agmarknet_data
Manipur,Manipur Main,Manipur Main APMC,Turmeric,Standard,FAQ,01/11/2025,7411.57,8361.03,7788.47,2026-01-09T23:47:31.210951,agmarknet_data
Meghalaya,Meghalaya Main,Meghalaya Main APMC,Turmeric,Standard,FAQ,01/11/2025,7411.57,8361.03,7788.47,2026-01-09T23:47:31.214962,agmarknet_data
Mizoram,Mizoram Main,Mizoram Main APMC,Turmeric,Standard,FAQ,01/11/2025,7411.57,8361.03,7788.47,2026-01-09T23:47:31.216965,agmarknet_data
Nagaland,Nagaland Main,Nagaland Main APMC,Turmeric,Standard,FAQ,01/11/2025,7411.57,8361.03,7788.47,2026-01-09T23:47:31.222669,agmarknet_data
Odisha,Sambalpur,Sambalpur APMC,Turmeric,Standard,FAQ,01/11/2025,6593.5,7796.69,7148.47,2026-01-09T23:47:31.228733,agmarknet_data
Punjab,Patiala,Patiala APMC,Turmeric,Standard,FAQ,01/11/2025,7744.52,8994.43,8188.47,2026-01-09T23:47:31.228733,agmarknet_data
Rajasthan,Udaipur,Udaipur APMC,Turmeric,Standard,FAQ,01/11/2025,7214.88,8379.31,7628.47,2026-01-09T23:47:31.228733,agmarknet_data
Sikkim,Sikkim Main,Sikkim Main APMC,Turmeric,Standard,FAQ,01/11/2025,7411.57,8361.03,7788.47,2026-01-09T23:47:31.239431,agmarknet_data
Tamil Nadu,Salem,Salem APMC,Turmeric,Standard,FAQ,01/11/2025,7744.52,8994.43,8188.47,2026-01-09T23:47:31.243258,agmarknet_data
Telangana,Nizamabad,Nizamabad APMC,Turmeric,Standard,FAQ,01/11/2025,7183.81,8494.72,7788.47,2026-01-09T23:47:31.247268,agmarknet_data
Tripura,Tripura Main,Tripura Main APMC,Turmeric,Standard,FAQ,01/11/2025,7411.57,8361.03,7788.47,2026-01-09T23:47:31.249271,agmarknet_data
Uttar Pradesh,Varanasi,Varanasi APMC,Turmeric,Standard,FAQ,01/11/2025,6987.89,8115.69,7388.47,2026-01-09T23:47:31.253991,agmarknet_data
Uttarakhand,Uttarakhand Main,Uttarakhand Main APMC,Turmeric,Standard,FAQ,01/11/2025,7563.83,8532.79,7948.47,2026-01-09T23:47:31.257672,agmarknet_data
West Bengal,Durgapur,Durgapur APMC,Turmeric,Standard,FAQ,01/11/2025,6987.89,8115.69,7388.47,2026-01-09T23:47:31.261683,agmarknet_data
Andhra Pradesh,Tirupati,Tirupati APMC,Chilli Red,Standard,FAQ,01/11/2025,10071.9,11909.83,10919.65,2026-01-09T23:47:31.265692,agmarknet_data
Arunachal Pradesh,Arunachal Pradesh Main,Arunachal Pradesh Main APMC,Chilli Red,Standard,FAQ,01/11/2025,10619.61,11980.03,11159.65,2026-01-09T23:47:31.268700,agmarknet_data
Assam,Jorhat,Jorhat APMC,Chilli Red,Standard,FAQ,01/11/2025,9186.43,10862.78,9959.65,2026-01-09T23:47:31.275989,agmarknet_data
Bihar,Bhagalpur,Bhagalpur APMC,Chilli Red,Standard,FAQ,01/11/2025,9186.43,10862.78,9959.65,2026-01-09T23:47:31.277308,agmarknet_data
Chhattisgarh,Korba,Korba APMC,Chilli Red,Standard,FAQ,01/11/2025,9739.85,11517.19,10559.65,2026-01-09T23:47:31.284919,agmarknet_data
Goa,Goa Main,Goa Main APMC,Chilli Red,Standard,FAQ,01/11/2025,10619.61,11980.03,11159.65,2026-01-09T23:47:31.291682,agmarknet_data
Gujarat,Vadodara,Vadodara APMC,Chilli Red,Standard,FAQ,01/11/2025,10554.61,12258.05,11159.65,2026-01-09T23:47:31.295458,agmarknet_data
Haryana,Ambala,Ambala APMC,Chilli Red,Standard,FAQ,01/11/2025,10895.09,12653.48,11519.65,2026-01-09T23:47:31.297461,agmarknet_data
Himachal Pradesh,Himachal Pradesh Main,Himachal Pradesh Main APMC,Chilli Red,Standard,FAQ,01/11/2025,11190.58,12624.14,11759.65,2026-01-09T23:47:31.302974,agmarknet_data
Jharkhand,Bokaro,Bokaro APMC,Chilli Red,Standard,FAQ,01/11/2025,9518.48,11255.43,10319.65,2026-01-09T23:47:31.306061,agmarknet_data
Karnataka,Belgaum,Belgaum APMC,Chilli Red,Standard,FAQ,01/11/2025,10554.61,12258.05,11159.65,2026-01-09T23:47:31.309107,agmarknet_data
Kerala,Thrissur,Thrissur APMC,Chilli Red,Standard,FAQ,01/11/2025,11400.1,13480.41,12359.65,2026-01-09T23:47:31.317664,agmarknet_data
Madhya Pradesh,Ujjain,Ujjain APMC,Chilli Red,Standard,FAQ,01/11/2025,10554.61,12258.05,11159.65,2026-01-09T23:47:31.317664,agmarknet_data
Maharashtra,Nagpur,Nagpur APMC,Chilli Red,Standard,FAQ,01/11/2025,10781.6,12521.67,11399.65,2026-01-09T23:47:31.325834,agmarknet_data
Manipur,Manipur Main,Manipur Main APMC,Chilli Red,Standard,FAQ,01/11/2025,10619.61,11980.03,11159.65,2026-01-09T23:47:31.325834,agmarknet_data
Meghalaya,Meghalaya Main,Meghalaya Main APMC,Chilli Red,Standard,FAQ,01/11/2025,10619.61,11980.03,11159.65,2026-01-09T23:47:31.332360,agmarknet_data
Mizoram,Mizoram Main,Mizoram Main APMC,Chilli Red,Standard,FAQ,01/11/2025,10619.61,11980.03,11159.65,2026-01-09T23:47:31.332360,agmarknet_data
Nagaland,Nagaland Main,Nagaland Main APMC,Chilli Red,Standard,FAQ,01/11/2025,10619.61,11980.03,11159.65,2026-01-09T23:47:31.341257,agmarknet_data
Odisha,Sambalpur,Sambalpur APMC,Chilli Red,Standard,FAQ,01/11/2025,9407.79,11124.54,10199.65,2026-01-09T23:47:31.342946,agmarknet_data
Punjab,Patiala,Patiala APMC,Chilli Red,Standard,FAQ,01/11/2025,11122.08,12917.11,11759.65,2026-01-09T23:47:31.348463,agmarknet_data
Rajasthan,Udaipur,Udaipur APMC,Chilli Red,Standard,FAQ,01/11/2025,10327.62,11994.43,10919.65,2026-01-09T23:47:31.351389,agmarknet_data
Sikkim,Sikkim Main,Sikkim Main APMC,Chilli Red,Standard,FAQ,01/11/2025,10619.61,11980.03,11159.65,2026-01-09T23:47:31.357877,agmarknet_data
Tamil Nadu,Salem,Salem APMC,Chilli Red,Standard,FAQ,01/11/2025,11122.08,12917.11,11759.65,2026-01-09T23:47:31.357877,agmarknet_data
Telangana,Nizamabad,Nizamabad APMC,Chilli Red,Standard,FAQ,01/11/2025,10293.26,12171.6,11159.65,2026-01-09T23:47:31.366629,agmarknet_data
Tripura,Tripura Main,Tripura Main APMC,Chilli Red,Standard,FAQ,01/11/2025,10619.61,11980.03,11159.65,2026-01-09T23:47:31.368132,agmarknet_data
Uttar Pradesh,Varanasi,Varanasi APMC,Chilli Red,Standard,FAQ,01/11/2025,9987.14,11598.99,10559.65,2026-01-09T23:47:31.374804,agmarknet_data
Uttarakhand,Uttarakhand Main,Uttarakhand Main APMC,Chilli Red,Standard,FAQ,01/11/2025,10848.0,12237.68,11399.65,2026-01-09T23:47:31.376227,agmarknet_data
West Bengal,Durgapur,Durgapur APMC,Chilli Red,Standard,FAQ,01/11/2025,9987.14,11598.99,10559.65,2026-01-09T23:47:31.376227,agmarknet_data
Andhra Pradesh,Tirupati,Tirupati APMC,Garlic,Standard,FAQ,01/11/2025,3349.07,3960.22,3630.96,2026-01-09T23:47:31.391335,agmarknet_data
Arunachal Pradesh,Arunachal Pradesh Main,Arunachal Pradesh Main APMC,Garlic,Standard,FAQ,01/11/2025,3531.38,3983.77,3710.96,2026-01-09T23:47:31.396322,agmarknet_data
Assam,Jorhat,Jorhat APMC,Garlic,Standard,FAQ,01/11/2025,3053.92,3611.2,3310.96,2026-01-09T23:47:31.396322,agmarknet_data
Bihar,Bhagalpur,Bhagalpur APMC,Garlic,Standard,FAQ,01/11/2025,3053.92,3611.2,3310.96,2026-01-09T23:47:31.406010,agmarknet_data
Chhattisgarh,Korba,Korba APMC,Garlic,Standard,FAQ,01/11/2025,3238.39,3829.34,3510.96,2026-01-09T23:47:31.409716,agmarknet_data
Goa,Goa Main,Goa Main APMC,Garlic,Standard,FAQ,01/11/2025,3531.38,3983.77,3710.96,2026-01-09T23:47:31.413727,agmarknet_data
Gujarat,Vadodara,Vadodara APMC,Garlic,Standard,FAQ,01/11/2025,3509.77,4076.22,3710.96,2026-01-09T23:47:31.415730,agmarknet_data
Haryana,Ambala,Ambala APMC,Garlic,Standard,FAQ,01/11/2025,3623.26,4208.03,3830.96,2026-01-09T23:47:31.420243,agmarknet_data
Himachal Pradesh,Himachal Pradesh Main,Himachal Pradesh Main APMC,Garlic,Standard,FAQ,01/11/2025,3721.71,4198.48,3910.96,2026-01-09T23:47:31.426077,agmarknet_data
Jharkhand,Bokaro,Bokaro APMC,Garlic,Standard,FAQ,01/11/2025,3164.6,3742.08,3430.96,2026-01-09T23:47:31.426077,agmarknet_data
Karnataka,Belgaum,Belgaum APMC,Garlic,Standard,FAQ,01/11/2025,3509.77,4076.22,3710.96,2026-01-09T23:47:31.426077,agmarknet_data
Kerala,Thrissur,Thrissur APMC,Garlic,Standard,FAQ,01/11/2025,3791.81,4483.75,4110.96,2026-01-09T23:47:31.439186,agmarknet_data
Madhya Pradesh,Ujjain,Ujjain APMC,Garlic,Standard,FAQ,01/11/2025,3509.77,4076.22,3710.96,2026-01-09T23:47:31.443041,agmarknet_data
Maharashtra,Nagpur,Nagpur APMC,Garlic,Standard,FAQ,01/11/2025,3585.43,4164.1,3790.96,2026-01-09T23:47:31.447050,agmarknet_data
Manipur,Manipur Main,Manipur Main APMC,Garlic,Standard,FAQ,01/11/2025,3531.38,3983.77,3710.96,2026-01-09T23:47:31.449053,agmarknet_data
Meghalaya,Meghalaya Main,Meghalaya Main APMC,Garlic,Standard,FAQ,01/11/2025,3531.38,3983.77,3710.96,2026-01-09T23:47:31.454065,agmarknet_data
Mizoram,Mizoram Main,Mizoram Main APMC,Garlic,Standard,FAQ,01/11/2025,3531.38,3983.77,3710.96,2026-01-09T23:47:31.459684,agmarknet_data
Nagaland,Nagaland Main,Nagaland Main APMC,Garlic,Standard,FAQ,01/11/2025,3531.38,3983.77,3710.96,2026-01-09T23:47:31.461688,agmarknet_data
Odisha,Sambalpur,Sambalpur APMC,Garlic,Standard,FAQ,01/11/2025,3127.71,3698.46,3390.96,2026-01-09T23:47:31.465697,agmarknet_data
Punjab,Patiala,Patiala APMC,Garlic,Standard,FAQ,01/11/2025,3698.93,4295.91,3910.96,2026-01-09T23:47:31.469209,agmarknet_data
Rajasthan,Udaipur,Udaipur APMC,Garlic,Standard,FAQ,01/11/2025,3434.11,3988.35,3630.96,2026-01-09T23:47:31.474327,agmarknet_data
Sikkim,Sikkim Main,Sikkim Main APMC,Garlic,Standard,FAQ,01/11/2025,3531.38,3983.77,3710.96,2026-01-09T23:47:31.478336,agmarknet_data
Tamil Nadu,Salem,Salem APMC,Garlic,Standard,FAQ,01/11/2025,3698.93,4295.91,3910.96,2026-01-09T23:47:31.480340,agmarknet_data
Telangana,Nizamabad,Nizamabad APMC,Garlic,Standard,FAQ,01/11/2025,3422.86,4047.47,3710.96,2026-01-09T23:47:31.483347,agmarknet_data
Tripura,Tripura Main,Tripura Main APMC,Garlic,Standard,FAQ,01/11/2025,3531.38,3983.77,3710.96,2026-01-09T23:47:31.490937,agmarknet_data
Uttar Pradesh,Varanasi,Varanasi APMC,Garlic,Standard,FAQ,01/11/2025,3320.61,3856.54,3510.96,2026-01-09T23:47:31.494947,agmarknet_data
Uttarakhand,Uttarakhand Main,Uttarakhand Main APMC,Garlic,Standard,FAQ,01/11/2025,3607.51,4069.65,3790.96,2026-01-09T23:47:31.498956,agmarknet_data
West Bengal,Durgapur,Durgapur APMC,Garlic,Standard,FAQ,01/11/2025,3320.61,3856.54,3510.96,2026-01-09T23:47:31.502966,agmarknet_data
Andhra Pradesh,Tirupati,Tirupati APMC,Ginger(Green),Standard,FAQ,01/11/2025,3670.7,4340.54,3979.66,2026-01-09T23:47:31.507860,agmarknet_data
Arunachal Pradesh,Arunachal Pradesh Main,Arunachal Pradesh Main APMC,Ginger(Green),Standard,FAQ,01/11/2025,3853.69,4347.37,4049.66,2026-01-09T23:47:31.509135,agmarknet_data
Assam,Jorhat,Jorhat APMC,Ginger(Green),Standard,FAQ,01/11/2025,3412.44,4035.15,3699.66,2026-01-09T23:47:31.516673,agmarknet_data
Bihar,Bhagalpur,Bhagalpur APMC,Ginger(Green),Standard,FAQ,01/11/2025,3412.44,4035.15,3699.66,2026-01-09T23:47:31.519681,agmarknet_data
Chhattisgarh,Korba,Korba APMC,Ginger(Green),Standard,FAQ,01/11/2025,3573.85,4226.02,3874.66,2026-01-09T23:47:31.525964,agmarknet_data
Goa,Goa Main,Goa Main APMC,Ginger(Green),Standard,FAQ,01/11/2025,3853.69,4347.37,4049.66,2026-01-09T23:47:31.525964,agmarknet_data
Gujarat,Vadodara,Vadodara APMC,Ginger(Green),Standard,FAQ,01/11/2025,3830.1,4448.26,4049.66,2026-01-09T23:47:31.525964,agmarknet_data
Haryana,Ambala,Ambala APMC,Ginger(Green),Standard,FAQ,01/11/2025,3929.41,4563.59,4154.66,2026-01-09T23:47:31.525964,agmarknet_data
Himachal Pradesh,Himachal Pradesh Main,Himachal Pradesh Main APMC,Ginger(Green),Standard,FAQ,01/11/2025,4020.22,4535.24,4224.66,2026-01-09T23:47:31.543537,agmarknet_data
Jharkhand,Bokaro,Bokaro APMC,Ginger(Green),Standard,FAQ,01/11/2025,3509.29,4149.67,3804.66,2026-01-09T23:47:31.545541,agmarknet_data
Karnataka,Belgaum,Belgaum APMC,Ginger(Green),Standard,FAQ,01/11/2025,3830.1,4448.26,4049.66,2026-01-09T23:47:31.549550,agmarknet_data
Kerala,Thrissur,Thrissur APMC,Ginger(Green),Standard,FAQ,01/11/2025,4058.09,4798.62,4399.66,2026-01-09T23:47:31.553560,agmarknet_data
Madhya Pradesh,Ujjain,Ujjain APMC,Ginger(Green),Standard,FAQ,01/11/2025,3830.1,4448.26,4049.66,2026-01-09T23:47:31.561763,agmarknet_data
Maharashtra,Nagpur,Nagpur APMC,Ginger(Green),Standard,FAQ,01/11/2025,3896.31,4525.15,4119.66,2026-01-09T23:47:31.561763,agmarknet_data
Manipur,Manipur Main,Manipur Main APMC,Ginger(Green),Standard,FAQ,01/11/2025,3853.69,4347.37,4049.66,2026-01-09T23:47:31.572194,agmarknet_data
Meghalaya,Meghalaya Main,Meghalaya Main APMC,Ginger(Green),Standard,FAQ,01/11/2025,3853.69,4347.37,4049.66,2026-01-09T23:47:31.575906,agmarknet_data
Mizoram,Mizoram Main,Mizoram Main APMC,Ginger(Green),Standard,FAQ,01/11/2025,3853.69,4347.37,4049.66,2026-01-09T23:47:31.575906,agmarknet_data
Nagaland,Nagaland Main,Nagaland Main APMC,Ginger(Green),Standard,FAQ,01/11/2025,3853.69,4347.37,4049.66,2026-01-09T23:47:31.575906,agmarknet_data
Odisha,Sambalpur,Sambalpur APMC,Ginger(Green),Standard,FAQ,01/11/2025,3477.01,4111.49,3769.66,2026-01-09T23:47:31.584933,agmarknet_data
Punjab,Patiala,Patiala APMC,Ginger(Green),Standard,FAQ,01/11/2025,3995.62,4640.48,4224.66,2026-01-09T23:47:31.589549,agmarknet_data
Rajasthan,Udaipur,Udaipur APMC,Ginger(Green),Standard,FAQ,01/11/2025,3763.9,4371.37,3979.66,2026-01-09T23:47:31.592509,agmarknet_data
Sikkim,Sikkim Main,Sikkim Main APMC,Ginger(Green),Standard,FAQ,01/11/2025,3853.69,4347.37,4049.66,2026-01-09T23:47:31.592509,agmarknet_data
Tamil Nadu,Salem,Salem APMC,Ginger(Green),Standard,FAQ,01/11/2025,3995.62,4640.48,4224.66,2026-01-09T23:47:31.601041,agmarknet_data
Telangana,Nizamabad,Nizamabad APMC,Ginger(Green),Standard,FAQ,01/11/2025,3735.27,4416.89,4049.66,2026-01-09T23:47:31.606453,agmarknet_data
Tripura,Tripura Main,Tripura Main APMC,Ginger(Green),Standard,FAQ,01/11/2025,3853.69,4347.37,4049.66,2026-01-09T23:47:31.611226,agmarknet_data
Uttar Pradesh,Varanasi,Varanasi APMC,Ginger(Green),Standard,FAQ,01/11/2025,3664.59,4256.03,3874.66,2026-01-09T23:47:31.616843,agmarknet_data
Uttarakhand,Uttarakhand Main,Uttarakhand Main APMC,Ginger(Green),Standard,FAQ,01/11/2025,3920.31,4422.52,4119.66,2026-01-09T23:47:31.620849,agmarknet_data
West Bengal,Durgapur,Durgapur APMC,Ginger(Green),Standard,FAQ,01/11/2025,3664.59,4256.03,3874.66,2026-01-09T23:47:31.623095,agmarknet_data
Andhra Pradesh,Tirupati,Tirupati APMC,Cabbage,Standard,FAQ,01/11/2025,1496.07,1769.08,1622.0,2026-01-09T23:47:31.626750,agmarknet_data
Arunachal Pradesh,Arunachal Pradesh Main,Arunachal Pradesh Main APMC,Cabbage,Standard,FAQ,01/11/2025,1572.05,1773.44,1652.0,2026-01-09T23:47:31.632859,agmarknet_data
Assam,Jorhat,Jorhat APMC,Cabbage,Standard,FAQ,01/11/2025,1385.39,1638.2,1502.0,2026-01-09T23:47:31.634182,agmarknet_data
Bihar,Bhagalpur,Bhagalpur APMC,Cabbage,Standard,FAQ,01/11/2025,1385.39,1638.2,1502.0,2026-01-09T23:47:31.639785,agmarknet_data
Chhattisgarh,Korba,Korba APMC,Cabbage,Standard,FAQ,01/11/2025,1454.57,1720.0,1577.0,2026-01-09T23:47:31.645305,agmarknet_data
Goa,Goa Main,Goa Main APMC,Cabbage,Standard,FAQ,01/11/2025,1572.05,1773.44,1652.0,2026-01-09T23:47:31.648917,agmarknet_data
Gujarat,Vadodara,Vadodara APMC,Cabbage,Standard,FAQ,01/11/2025,1562.43,1814.6,1652.0,2026-01-09T23:47:31.648917,agmarknet_data
Haryana,Ambala,Ambala APMC,Cabbage,Standard,FAQ,01/11/2025,1604.99,1864.03,1697.0,2026-01-09T23:47:31.658311,agmarknet_data
Himachal Pradesh,Himachal Pradesh Main,Himachal Pradesh Main APMC,Cabbage,Standard,FAQ,01/11/2025,1643.42,1853.95,1727.0,2026-01-09T23:47:31.658311,agmarknet_data
Jharkhand,Bokaro,Bokaro APMC,Cabbage,Standard,FAQ,01/11/2025,1426.89,1687.28,1547.0,2026-01-09T23:47:31.664981,agmarknet_data
Karnataka,Belgaum,Belgaum APMC,Cabbage,Standard,FAQ,01/11/2025,1562.43,1814.6,1652.0,2026-01-09T23:47:31.671041,agmarknet_data
Kerala,Thrissur,Thrissur APMC,Cabbage,Standard,FAQ,01/11/2025,1662.1,1965.4,1802.0,2026-01-09T23:47:31.676116,agmarknet_data
Madhya Pradesh,Ujjain,Ujjain APMC,Cabbage,Standard,FAQ,01/11/2025,1562.43,1814.6,1652.0,2026-01-09T23:47:31.676116,agmarknet_data
Maharashtra,Nagpur,Nagpur APMC,Cabbage,Standard,FAQ,01/11/2025,1590.8,1847.55,1682.0,2026-01-09T23:47:31.680721,agmarknet_data
Manipur,Manipur Main,Manipur Main APMC,Cabbage,Standard,FAQ,01/11/2025,1572.05,1773.44,1652.0,2026-01-09T23:47:31.680721,agmarknet_data
Meghalaya,Meghalaya Main,Meghalaya Main APMC,Cabbage,Standard,FAQ,01/11/2025,1572.05,1773.44,1652.0,2026-01-09T23:47:31.691251,agmarknet_data
Mizoram,Mizoram Main,Mizoram Main APMC,Cabbage,Standard,FAQ,01/11/2025,1572.05,1773.44,1652.0,2026-01-09T23:47:31.697270,agmarknet_data
Nagaland,Nagaland Main,Nagaland Main APMC,Cabbage,Standard,FAQ,01/11/2025,1572.05,1773.44,1652.0,2026-01-09T23:47:31.701279,agmarknet_data
Odisha,Sambalpur,Sambalpur APMC,Cabbage,Standard,FAQ,01/11/2025,1413.06,1670.92,1532.0,2026-01-09T23:47:31.705880,agmarknet_data
Punjab,Patiala,Patiala APMC,Cabbage,Standard,FAQ,01/11/2025,1633.36,1896.98,1727.0,2026-01-09T23:47:31.709644,agmarknet_data
Rajasthan,Udaipur,Udaipur APMC,Cabbage,Standard,FAQ,01/11/2025,1534.06,1781.64,1622.0,2026-01-09T23:47:31.713657,agmarknet_data
Sikkim,Sikkim Main,Sikkim Main APMC,Cabbage,Standard,FAQ,01/11/2025,1572.05,1773.44,1652.0,2026-01-09T23:47:31.717666,agmarknet_data
Tamil Nadu,Salem,Salem APMC,Cabbage,Standard,FAQ,01/11/2025,1633.36,1896.98,1727.0,2026-01-09T23:47:31.721178,agmarknet_data
Telangana,Nizamabad,Nizamabad APMC,Cabbage,Standard,FAQ,01/11/2025,1523.74,1801.8,1652.0,2026-01-09T23:47:31.724231,agmarknet_data
Tripura,Tripura Main,Tripura Main APMC,Cabbage,Standard,FAQ,01/11/2025,1572.05,1773.44,1652.0,2026-01-09T23:47:31.730069,agmarknet_data
Uttar Pradesh,Varanasi,Varanasi APMC,Cabbage,Standard,FAQ,01/11/2025,1491.5,1732.21,1577.0,2026-01-09T23:47:31.734078,agmarknet_data
Uttarakhand,Uttarakhand Main,Uttarakhand Main APMC,Cabbage,Standard,FAQ,01/11/2025,1600.6,1805.65,1682.0,2026-01-09T23:47:31.736678,agmarknet_data
West Bengal,Durgapur,Durgapur APMC,Cabbage,Standard,FAQ,01/11/2025,1491.5,1732.21,1577.0,2026-01-09T23:47:31.744428,agmarknet_data
Andhra Pradesh,Tirupati,Tirupati APMC,Cauliflower,Standard,FAQ,01/11/2025,2127.8,2516.08,2306.89,2026-01-09T23:47:31.745649,agmarknet_data
Arunachal Pradesh,Arunachal Pradesh Main,Arunachal Pradesh Main APMC,Cauliflower,Standard,FAQ,01/11/2025,2233.32,2519.42,2346.89,2026-01-09T23:47:31.745649,agmarknet_data
Assam,Jorhat,Jorhat APMC,Cauliflower,Standard,FAQ,01/11/2025,1980.22,2341.57,2146.89,2026-01-09T23:47:31.752752,agmarknet_data
Bihar,Bhagalpur,Bhagalpur APMC,Cauliflower,Standard,FAQ,01/11/2025,1980.22,2341.57,2146.89,2026-01-09T23:47:31.759227,agmarknet_data
Chhattisgarh,Korba,Korba APMC,Cauliflower,Standard,FAQ,01/11/2025,2072.46,2450.64,2246.89,2026-01-09T23:47:31.761072,agmarknet_data
Goa,Goa Main,Goa Main APMC,Cauliflower,Standard,FAQ,01/11/2025,2233.32,2519.42,2346.89,2026-01-09T23:47:31.761072,agmarknet_data
Gujarat,Vadodara,Vadodara APMC,Cauliflower,Standard,FAQ,01/11/2025,2219.65,2577.89,2346.89,2026-01-09T23:47:31.772523,agmarknet_data
Haryana,Ambala,Ambala APMC,Cauliflower,Standard,FAQ,01/11/2025,2276.4,2643.8,2406.89,2026-01-09T23:47:31.776670,agmarknet_data
Himachal Pradesh,Himachal Pradesh Main,Himachal Pradesh Main APMC,Cauliflower,Standard,FAQ,01/11/2025,2328.49,2626.78,2446.89,2026-01-09T23:47:31.776670,agmarknet_data
Jharkhand,Bokaro,Bokaro APMC,Cauliflower,Standard,FAQ,01/11/2025,2035.56,2407.01,2206.89,2026-01-09T23:47:31.785205,agmarknet_data
Karnataka,Belgaum,Belgaum APMC,Cauliflower,Standard,FAQ,01/11/2025,2219.65,2577.89,2346.89,2026-01-09T23:47:31.789262,agmarknet_data
Kerala,Thrissur,Thrissur APMC,Cauliflower,Standard,FAQ,01/11/2025,2349.17,2777.85,2546.89,2026-01-09T23:47:31.794395,agmarknet_data
Madhya Pradesh,Ujjain,Ujjain APMC,Cauliflower,Standard,FAQ,01/11/2025,2219.65,2577.89,2346.89,2026-01-09T23:47:31.801018,agmarknet_data
Maharashtra,Nagpur,Nagpur APMC,Cauliflower,Standard,FAQ,01/11/2025,2257.49,2621.83,2386.89,2026-01-09T23:47:31.805929,agmarknet_data
Manipur,Manipur Main,Manipur Main APMC,Cauliflower,Standard,FAQ,01/11/2025,2233.32,2519.42,2346.89,2026-01-09T23:47:31.809605,agmarknet_data
Meghalaya,Meghalaya Main,Meghalaya Main APMC,Cauliflower,Standard,FAQ,01/11/2025,2233.32,2519.42,2346.89,2026-01-09T23:47:31.813668,agmarknet_data
Mizoram,Mizoram Main,Mizoram Main APMC,Cauliflower,Standard,FAQ,01/11/2025,2233.32,2519.42,2346.89,2026-01-09T23:47:31.816085,agmarknet_data
Nagaland,Nagaland Main,Nagaland Main APMC,Cauliflower,Standard,FAQ,01/11/2025,2233.32,2519.42,2346.89,2026-01-09T23:47:31.817176,agmarknet_data
Odisha,Sambalpur,Sambalpur APMC,Cauliflower,Standard,FAQ,01/11/2025,2017.11,2385.2,2186.89,2026-01-09T23:47:31.822968,agmarknet_data
Punjab,Patiala,Patiala APMC,Cauliflower,Standard,FAQ,01/11/2025,2314.23,2687.73,2446.89,2026-01-09T23:47:31.826326,agmarknet_data
Rajasthan,Udaipur,Udaipur APMC,Cauliflower,Standard,FAQ,01/11/2025,2181.82,2533.95,2306.89,2026-01-09T23:47:31.828863,agmarknet_data
Sikkim,Sikkim Main,Sikkim Main APMC,Cauliflower,Standard,FAQ,01/11/2025,2233.32,2519.42,2346.89,2026-01-09T23:47:31.832999,agmarknet_data
Tamil Nadu,Salem,Salem APMC,Cauliflower,Standard,FAQ,01/11/2025,2314.23,2687.73,2446.89,2026-01-09T23:47:31.832999,agmarknet_data
Telangana,Nizamabad,Nizamabad APMC,Cauliflower,Standard,FAQ,01/11/2025,2164.69,2559.71,2346.89,2026-01-09T23:47:31.841552,agmarknet_data
Tripura,Tripura Main,Tripura Main APMC,Cauliflower,Standard,FAQ,01/11/2025,2233.32,2519.42,2346.89,2026-01-09T23:47:31.843279,agmarknet_data
Uttar Pradesh,Varanasi,Varanasi APMC,Cauliflower,Standard,FAQ,01/11/2025,2125.08,2468.05,2246.89,2026-01-09T23:47:31.843279,agmarknet_data
Uttarakhand,Uttarakhand Main,Uttarakhand Main APMC,Cauliflower,Standard,FAQ,01/11/2025,2271.39,2562.36,2386.89,2026-01-09T23:47:31.848887,agmarknet_data
West Bengal,Durgapur,Durgapur APMC,Cauliflower,Standard,FAQ,01/11/2025,2125.08,2468.05,2246.89,2026-01-09T23:47:31.848887,agmarknet_data
Andhra Pradesh,Tirupati,Tirupati APMC,Brinjal,Standard,FAQ,01/11/2025,2783.34,3291.25,3017.62,2026-01-09T23:47:31.856123,agmarknet_data
Arunachal Pradesh,Arunachal Pradesh Main,Arunachal Pradesh Main APMC,Brinjal,Standard,FAQ,01/11/2025,2919.17,3293.13,3067.62,2026-01-09T23:47:31.861586,agmarknet_data
Assam,Jorhat,Jorhat APMC,Brinjal,Standard,FAQ,01/11/2025,2598.87,3073.12,2817.62,2026-01-09T23:47:31.864728,agmarknet_data
Bihar,Bhagalpur,Bhagalpur APMC,Brinjal,Standard,FAQ,01/11/2025,2598.87,3073.12,2817.62,2026-01-09T23:47:31.864728,agmarknet_data
Chhattisgarh,Korba,Korba APMC,Brinjal,Standard,FAQ,01/11/2025,2714.17,3209.45,2942.62,2026-01-09T23:47:31.872847,agmarknet_data
Goa,Goa Main,Goa Main APMC,Brinjal,Standard,FAQ,01/11/2025,2919.17,3293.13,3067.62,2026-01-09T23:47:31.876529,agmarknet_data
Gujarat,Vadodara,Vadodara APMC,Brinjal,Standard,FAQ,01/11/2025,2901.3,3369.55,3067.62,2026-01-09T23:47:31.876529,agmarknet_data
Haryana,Ambala,Ambala APMC,Brinjal,Standard,FAQ,01/11/2025,2972.24,3451.93,3142.62,2026-01-09T23:47:31.876529,agmarknet_data
Himachal Pradesh,Himachal Pradesh Main,Himachal Pradesh Main APMC,Brinjal,Standard,FAQ,01/11/2025,3038.12,3427.32,3192.62,2026-01-09T23:47:31.876529,agmarknet_data
Jharkhand,Bokaro,Bokaro APMC,Brinjal,Standard,FAQ,01/11/2025,2668.05,3154.92,2892.62,2026-01-09T23:47:31.892776,agmarknet_data
Karnataka,Belgaum,Belgaum APMC,Brinjal,Standard,FAQ,01/11/2025,2901.3,3369.55,3067.62,2026-01-09T23:47:31.898792,agmarknet_data
Kerala,Thrissur,Thrissur APMC,Brinjal,Standard,FAQ,01/11/2025,3060.05,3618.46,3317.62,2026-01-09T23:47:31.902801,agmarknet_data
Madhya Pradesh,Ujjain,Ujjain APMC,Brinjal,Standard,FAQ,01/11/2025,2901.3,3369.55,3067.62,2026-01-09T23:47:31.907831,agmarknet_data
Maharashtra,Nagpur,Nagpur APMC,Brinjal,Standard,FAQ,01/11/2025,2948.59,3424.47,3117.62,2026-01-09T23:47:31.910453,agmarknet_data
Manipur,Manipur Main,Manipur Main APMC,Brinjal,Standard,FAQ,01/11/2025,2919.17,3293.13,3067.62,2026-01-09T23:47:31.910453,agmarknet_data
Meghalaya,Meghalaya Main,Meghalaya Main APMC,Brinjal,Standard,FAQ,01/11/2025,2919.17,3293.13,3067.62,2026-01-09T23:47:31.922758,agmarknet_data
Mizoram,Mizoram Main,Mizoram Main APMC,Brinjal,Standard,FAQ,01/11/2025,2919.17,3293.13,3067.62,2026-01-09T23:47:31.926864,agmarknet_data
Nagaland,Nagaland Main,Nagaland Main APMC,Brinjal,Standard,FAQ,01/11/2025,2919.17,3293.13,3067.62,2026-01-09T23:47:31.926864,agmarknet_data
Odisha,Sambalpur,Sambalpur APMC,Brinjal,Standard,FAQ,01/11/2025,2644.99,3127.65,2867.62,2026-01-09T23:47:31.926864,agmarknet_data
Punjab,Patiala,Patiala APMC,Brinjal,Standard,FAQ,01/11/2025,3019.52,3506.86,3192.62,2026-01-09T23:47:31.939246,agmarknet_data
Rajasthan,Udaipur,Udaipur APMC,Brinjal,Standard,FAQ,01/11/2025,2854.01,3314.63,3017.62,2026-01-09T23:47:31.943138,agmarknet_data
Sikkim,Sikkim Main,Sikkim Main APMC,Brinjal,Standard,FAQ,01/11/2025,2919.17,3293.13,3067.62,2026-01-09T23:47:31.943138,agmarknet_data
Tamil Nadu,Salem,Salem APMC,Brinjal,Standard,FAQ,01/11/2025,3019.52,3506.86,3192.62,2026-01-09T23:47:31.951162,agmarknet_data
Telangana,Nizamabad,Nizamabad APMC,Brinjal,Standard,FAQ,01/11/2025,2829.46,3345.79,3067.62,2026-01-09T23:47:31.955938,agmarknet_data
Tripura,Tripura Main,Tripura Main APMC,Brinjal,Standard,FAQ,01/11/2025,2919.17,3293.13,3067.62,2026-01-09T23:47:31.959609,agmarknet_data
Uttar Pradesh,Varanasi,Varanasi APMC,Brinjal,Standard,FAQ,01/11/2025,2783.08,3232.25,2942.62,2026-01-09T23:47:31.963618,agmarknet_data
Uttarakhand,Uttarakhand Main,Uttarakhand Main APMC,Brinjal,Standard,FAQ,01/11/2025,2966.75,3346.81,3117.62,2026-01-09T23:47:31.967125,agmarknet_data
West Bengal,Durgapur,Durgapur APMC,Brinjal,Standard,FAQ,01/11/2025,2783.08,3232.25,2942.62,2026-01-09T23:47:31.972509,agmarknet_data
Andhra Pradesh,Tirupati,Tirupati APMC,Carrot,Standard,FAQ,01/11/2025,2621.93,3100.38,2842.62,2026-01-09T23:47:31.975806,agmarknet_data
Arunachal Pradesh,Arunachal Pradesh Main,Arunachal Pradesh Main APMC,Carrot,Standard,FAQ,01/11/2025,2752.64,3105.26,2892.62,2026-01-09T23:47:31.979816,agmarknet_data
Assam,Jorhat,Jorhat APMC,Carrot,Standard,FAQ,01/11/2025,2437.46,2882.25,2642.62,2026-01-09T23:47:31.984275,agmarknet_data
Bihar,Bhagalpur,Bhagalpur APMC,Carrot,Standard,FAQ,01/11/2025,2437.46,2882.25,2642.62,2026-01-09T23:47:31.984275,agmarknet_data
Chhattisgarh,Korba,Korba APMC,Carrot,Standard,FAQ,01/11/2025,2552.75,3018.58,2767.62,2026-01-09T23:47:31.992542,agmarknet_data
Goa,Goa Main,Goa Main APMC,Carrot,Standard,FAQ,01/11/2025,2752.64,3105.26,2892.62,2026-01-09T23:47:31.998653,agmarknet_data
Gujarat,Vadodara,Vadodara APMC,Carrot,Standard,FAQ,01/11/2025,2735.79,3177.33,2892.62,2026-01-09T23:47:31.999913,agmarknet_data
Haryana,Ambala,Ambala APMC,Carrot,Standard,FAQ,01/11/2025,2806.72,3259.71,2967.62,2026-01-09T23:47:32.006098,agmarknet_data
Himachal Pradesh,Himachal Pradesh Main,Himachal Pradesh Main APMC,Carrot,Standard,FAQ,01/11/2025,2871.59,3239.45,3017.62,2026-01-09T23:47:32.009358,agmarknet_data
Jharkhand,Bokaro,Bokaro APMC,Carrot,Standard,FAQ,01/11/2025,2506.63,2964.05,2717.62,2026-01-09T23:47:32.014485,agmarknet_data
Karnataka,Belgaum,Belgaum APMC,Carrot,Standard,FAQ,01/11/2025,2735.79,3177.33,2892.62,2026-01-09T23:47:32.014485,agmarknet_data
Kerala,Thrissur,Thrissur APMC,Carrot,Standard,FAQ,01/11/2025,2898.64,3427.59,3142.62,2026-01-09T23:47:32.022924,agmarknet_data
Madhya Pradesh,Ujjain,Ujjain APMC,Carrot,Standard,FAQ,01/11/2025,2735.79,3177.33,2892.62,2026-01-09T23:47:32.026224,agmarknet_data
Maharashtra,Nagpur,Nagpur APMC,Carrot,Standard,FAQ,01/11/2025,2783.08,3232.25,2942.62,2026-01-09T23:47:32.026224,agmarknet_data
Manipur,Manipur Main,Manipur Main APMC,Carrot,Standard,FAQ,01/11/2025,2752.64,3105.26,2892.62,2026-01-09T23:47:32.026224,agmarknet_data
Meghalaya,Meghalaya Main,Meghalaya Main APMC,Carrot,Standard,FAQ,01/11/2025,2752.64,3105.26,2892.62,2026-01-09T23:47:32.026224,agmarknet_data
Mizoram,Mizoram Main,Mizoram Main APMC,Carrot,Standard,FAQ,01/11/2025,2752.64,3105.26,2892.62,2026-01-09T23:47:32.042843,agmarknet_data
Nagaland,Nagaland Main,Nagaland Main APMC,Carrot,Standard,FAQ,01/11/2025,2752.64,3105.26,2892.62,2026-01-09T23:47:32.042843,agmarknet_data
Odisha,Sambalpur,Sambalpur APMC,Carrot,Standard,FAQ,01/11/2025,2483.58,2936.78,2692.62,2026-01-09T23:47:32.042843,agmarknet_data
Punjab,Patiala,Patiala APMC,Carrot,Standard,FAQ,01/11/2025,2854.01,3314.63,3017.62,2026-01-09T23:47:32.054446,agmarknet_data
Rajasthan,Udaipur,Udaipur APMC,Carrot,Standard,FAQ,01/11/2025,2688.5,3122.41,2842.62,2026-01-09T23:47:32.060519,agmarknet_data
Sikkim,Sikkim Main,Sikkim Main APMC,Carrot,Standard,FAQ,01/11/2025,2752.64,3105.26,2892.62,2026-01-09T23:47:32.060519,agmarknet_data
Tamil Nadu,Salem,Salem APMC,Carrot,Standard,FAQ,01/11/2025,2854.01,3314.63,3017.62,2026-01-09T23:47:32.060519,agmarknet_data
Telangana,Nizamabad,Nizamabad APMC,Carrot,Standard,FAQ,01/11/2025,2668.05,3154.92,2892.62,2026-01-09T23:47:32.070279,agmarknet_data
Tripura,Tripura Main,Tripura Main APMC,Carrot,Standard,FAQ,01/11/2025,2752.64,3105.26,2892.62,2026-01-09T23:47:32.076549,agmarknet_data
Uttar Pradesh,Varanasi,Varanasi APMC,Carrot,Standard,FAQ,01/11/2025,2617.57,3040.02,2767.62,2026-01-09T23:47:32.078553,agmarknet_data
Uttarakhand,Uttarakhand Main,Uttarakhand Main APMC,Carrot,Standard,FAQ,01/11/2025,2800.22,3158.94,2942.62,2026-01-09T23:47:32.082560,agmarknet_data
West Bengal,Durgapur,Durgapur APMC,Carrot,Standard,FAQ,01/11/2025,2617.57,3040.02,2767.62,2026-01-09T23:47:32.086311,agmarknet_data
Andhra Pradesh,Tirupati,Tirupati APMC,Banana,Standard,FAQ,01/11/2025,1723.48,2037.99,1868.55,2026-01-09T23:47:32.091067,agmarknet_data
Arunachal Pradesh,Arunachal Pradesh Main,Arunachal Pradesh Main APMC,Banana,Standard,FAQ,01/11/2025,1816.19,2048.85,1908.55,2026-01-09T23:47:32.093018,agmarknet_data
Assam,Jorhat,Jorhat APMC,Banana,Standard,FAQ,01/11/2025,1575.91,1863.48,1708.55,2026-01-09T23:47:32.093018,agmarknet_data
Bihar,Bhagalpur,Bhagalpur APMC,Banana,Standard,FAQ,01/11/2025,1575.91,1863.48,1708.55,2026-01-09T23:47:32.102127,agmarknet_data
Chhattisgarh,Korba,Korba APMC,Banana,Standard,FAQ,01/11/2025,1668.14,1972.55,1808.55,2026-01-09T23:47:32.105908,agmarknet_data
Goa,Goa Main,Goa Main APMC,Banana,Standard,FAQ,01/11/2025,1816.19,2048.85,1908.55,2026-01-09T23:47:32.111775,agmarknet_data
Gujarat,Vadodara,Vadodara APMC,Banana,Standard,FAQ,01/11/2025,1805.07,2096.4,1908.55,2026-01-09T23:47:32.115784,agmarknet_data
Haryana,Ambala,Ambala APMC,Banana,Standard,FAQ,01/11/2025,1861.82,2162.31,1968.55,2026-01-09T23:47:32.117787,agmarknet_data
Himachal Pradesh,Himachal Pradesh Main,Himachal Pradesh Main APMC,Banana,Standard,FAQ,01/11/2025,1911.35,2156.21,2008.55,2026-01-09T23:47:32.123636,agmarknet_data
Jharkhand,Bokaro,Bokaro APMC,Banana,Standard,FAQ,01/11/2025,1631.25,1928.92,1768.55,2026-01-09T23:47:32.127807,agmarknet_data
Karnataka,Belgaum,Belgaum APMC,Banana,Standard,FAQ,01/11/2025,1805.07,2096.4,1908.55,2026-01-09T23:47:32.127807,agmarknet_data
Kerala,Thrissur,Thrissur APMC,Banana,Standard,FAQ,01/11/2025,1944.85,2299.75,2108.55,2026-01-09T23:47:32.135428,agmarknet_data
Madhya Pradesh,Ujjain,Ujjain APMC,Banana,Standard,FAQ,01/11/2025,1805.07,2096.4,1908.55,2026-01-09T23:47:32.139212,agmarknet_data
Maharashtra,Nagpur,Nagpur APMC,Banana,Standard,FAQ,01/11/2025,1842.91,2140.34,1948.55,2026-01-09T23:47:32.142530,agmarknet_data
Manipur,Manipur Main,Manipur Main APMC,Banana,Standard,FAQ,01/11/2025,1816.19,2048.85,1908.55,2026-01-09T23:47:32.142530,agmarknet_data
Meghalaya,Meghalaya Main,Meghalaya Main APMC,Banana,Standard,FAQ,01/11/2025,1816.19,2048.85,1908.55,2026-01-09T23:47:32.149646,agmarknet_data
Mizoram,Mizoram Main,Mizoram Main APMC,Banana,Standard,FAQ,01/11/2025,1816.19,2048.85,1908.55,2026-01-09T23:47:32.156040,agmarknet_data
Nagaland,Nagaland Main,Nagaland Main APMC,Banana,Standard,FAQ,01/11/2025,1816.19,2048.85,1908.55,2026-01-09T23:47:32.162137,agmarknet_data
Odisha,Sambalpur,Sambalpur APMC,Banana,Standard,FAQ,01/11/2025,1612.8,1907.11,1748.55,2026-01-09T23:47:32.167765,agmarknet_data
Punjab,Patiala,Patiala APMC,Banana,Standard,FAQ,01/11/2025,1899.65,2206.24,2008.55,2026-01-09T23:47:32.172662,agmarknet_data
Rajasthan,Udaipur,Udaipur APMC,Banana,Standard,FAQ,01/11/2025,1767.24,2052.46,1868.55,2026-01-09T23:47:32.176422,agmarknet_data
Sikkim,Sikkim Main,Sikkim Main APMC,Banana,Standard,FAQ,01/11/2025,1816.19,2048.85,1908.55,2026-01-09T23:47:32.176422,agmarknet_data
Tamil Nadu,Salem,Salem APMC,Banana,Standard,FAQ,01/11/2025,1899.65,2206.24,2008.55,2026-01-09T23:47:32.181543,agmarknet_data
Telangana,Nizamabad,Nizamabad APMC,Banana,Standard,FAQ,01/11/2025,1760.38,2081.62,1908.55,2026-01-09T23:47:32.188889,agmarknet_data
Tripura,Tripura Main,Tripura Main APMC,Banana,Standard,FAQ,01/11/2025,1816.19,2048.85,1908.55,2026-01-09T23:47:32.193292,agmarknet_data
Uttar Pradesh,Varanasi,Varanasi APMC,Banana,Standard,FAQ,01/11/2025,1710.5,1986.56,1808.55,2026-01-09T23:47:32.197302,agmarknet_data
Uttarakhand,Uttarakhand Main,Uttarakhand Main APMC,Banana,Standard,FAQ,01/11/2025,1854.26,2091.79,1948.55,2026-01-09T23:47:32.198829,agmarknet_data
West Bengal,Durgapur,Durgapur APMC,Banana,Standard,FAQ,01/11/2025,1710.5,1986.56,1808.55,2026-01-09T23:47:32.198829,agmarknet_data
Andhra Pradesh,Tirupati,Tirupati APMC,Apple,Standard,FAQ,01/11/2025,8473.87,10020.2,9187.12,2026-01-09T23:47:32.210777,agmarknet_data
Arunachal Pradesh,Arunachal Pradesh Main,Arunachal Pradesh Main APMC,Apple,Standard,FAQ,01/11/2025,8894.79,10034.26,9347.12,2026-01-09T23:47:32.210777,agmarknet_data
Assam,Jorhat,Jorhat APMC,Apple,Standard,FAQ,01/11/2025,7883.56,9322.16,8547.12,2026-01-09T23:47:32.210777,agmarknet_data
Bihar,Bhagalpur,Bhagalpur APMC,Apple,Standard,FAQ,01/11/2025,7883.56,9322.16,8547.12,2026-01-09T23:47:32.210777,agmarknet_data
Chhattisgarh,Korba,Korba APMC,Apple,Standard,FAQ,01/11/2025,8252.51,9758.44,8947.12,2026-01-09T23:47:32.224452,agmarknet_data
Goa,Goa Main,Goa Main APMC,Apple,Standard,FAQ,01/11/2025,8894.79,10034.26,9347.12,2026-01-09T23:47:32.229794,agmarknet_data
Gujarat,Vadodara,Vadodara APMC,Apple,Standard,FAQ,01/11/2025,8840.35,10267.12,9347.12,2026-01-09T23:47:32.231798,agmarknet_data
Haryana,Ambala,Ambala APMC,Apple,Standard,FAQ,01/11/2025,9067.34,10530.74,9587.12,2026-01-09T23:47:32.235807,agmarknet_data
Himachal Pradesh,Himachal Pradesh Main,Himachal Pradesh Main APMC,Apple,Standard,FAQ,01/11/2025,9275.44,10463.67,9747.12,2026-01-09T23:47:32.243614,agmarknet_data
Jharkhand,Bokaro,Bokaro APMC,Apple,Standard,FAQ,01/11/2025,8104.93,9583.93,8787.12,2026-01-09T23:47:32.243614,agmarknet_data
Karnataka,Belgaum,Belgaum APMC,Apple,Standard,FAQ,01/11/2025,8840.35,10267.12,9347.12,2026-01-09T23:47:32.243614,agmarknet_data
Kerala,Thrissur,Thrissur APMC,Apple,Standard,FAQ,01/11/2025,9359.34,11067.25,10147.12,2026-01-09T23:47:32.253134,agmarknet_data
Madhya Pradesh,Ujjain,Ujjain APMC,Apple,Standard,FAQ,01/11/2025,8840.35,10267.12,9347.12,2026-01-09T23:47:32.259808,agmarknet_data
Maharashtra,Nagpur,Nagpur APMC,Apple,Standard,FAQ,01/11/2025,8991.67,10442.87,9507.12,2026-01-09T23:47:32.261812,agmarknet_data
Manipur,Manipur Main,Manipur Main APMC,Apple,Standard,FAQ,01/11/2025,8894.79,10034.26,9347.12,2026-01-09T23:47:32.265822,agmarknet_data
Meghalaya,Meghalaya Main,Meghalaya Main APMC,Apple,Standard,FAQ,01/11/2025,8894.79,10034.26,9347.12,2026-01-09T23:47:32.272993,agmarknet_data
Mizoram,Mizoram Main,Mizoram Main APMC,Apple,Standard,FAQ,01/11/2025,8894.79,10034.26,9347.12,2026-01-09T23:47:32.277006,agmarknet_data
Nagaland,Nagaland Main,Nagaland Main APMC,Apple,Standard,FAQ,01/11/2025,8894.79,10034.26,9347.12,2026-01-09T23:47:32.278719,agmarknet_data
Odisha,Sambalpur,Sambalpur APMC,Apple,Standard,FAQ,01/11/2025,8031.14,9496.67,8707.12,2026-01-09T23:47:32.284765,agmarknet_data
Punjab,Patiala,Patiala APMC,Apple,Standard,FAQ,01/11/2025,9218.66,10706.49,9747.12,2026-01-09T23:47:32.286770,agmarknet_data
Rajasthan,Udaipur,Udaipur APMC,Apple,Standard,FAQ,01/11/2025,8689.02,10091.37,9187.12,2026-01-09T23:47:32.294130,agmarknet_data
Sikkim,Sikkim Main,Sikkim Main APMC,Apple,Standard,FAQ,01/11/2025,8894.79,10034.26,9347.12,2026-01-09T23:47:32.296133,agmarknet_data
Tamil Nadu,Salem,Salem APMC,Apple,Standard,FAQ,01/11/2025,9218.66,10706.49,9747.12,2026-01-09T23:47:32.300143,agmarknet_data
Telangana,Nizamabad,Nizamabad APMC,Apple,Standard,FAQ,01/11/2025,8621.45,10194.71,9347.12,2026-01-09T23:47:32.304153,agmarknet_data
Tripura,Tripura Main,Tripura Main APMC,Apple,Standard,FAQ,01/11/2025,8894.79,10034.26,9347.12,2026-01-09T23:47:32.309716,agmarknet_data
Uttar Pradesh,Varanasi,Varanasi APMC,Apple,Standard,FAQ,01/11/2025,8462.03,9827.75,8947.12,2026-01-09T23:47:32.311722,agmarknet_data
Uttarakhand,Uttarakhand Main,Uttarakhand Main APMC,Apple,Standard,FAQ,01/11/2025,9047.05,10206.02,9507.12,2026-01-09T23:47:32.315731,agmarknet_data
West Bengal,Durgapur,Durgapur APMC,Apple,Standard,FAQ,01/11/2025,8462.03,9827.75,8947.12,2026-01-09T23:47:32.319741,agmarknet_data
Andhra Pradesh,Tirupati,Tirupati APMC,Mango,Standard,FAQ,01/11/2025,4261.78,5039.47,4620.49,2026-01-09T23:47:32.325068,agmarknet_data
Arunachal Pradesh,Arunachal Pradesh Main,Arunachal Pradesh Main APMC,Mango,Standard,FAQ,01/11/2025,4492.06,5067.51,4720.49,2026-01-09T23:47:32.327555,agmarknet_data
Assam,Jorhat,Jorhat APMC,Mango,Standard,FAQ,01/11/2025,3892.83,4603.2,4220.49,2026-01-09T23:47:32.331658,agmarknet_data
Bihar,Bhagalpur,Bhagalpur APMC,Mango,Standard,FAQ,01/11/2025,3892.83,4603.2,4220.49,2026-01-09T23:47:32.331658,agmarknet_data
Chhattisgarh,Korba,Korba APMC,Mango,Standard,FAQ,01/11/2025,4123.42,4875.87,4470.49,2026-01-09T23:47:32.343040,agmarknet_data
Goa,Goa Main,Goa Main APMC,Mango,Standard,FAQ,01/11/2025,4492.06,5067.51,4720.49,2026-01-09T23:47:32.345043,agmarknet_data
Gujarat,Vadodara,Vadodara APMC,Mango,Standard,FAQ,01/11/2025,4464.56,5185.11,4720.49,2026-01-09T23:47:32.350161,agmarknet_data
Haryana,Ambala,Ambala APMC,Mango,Standard,FAQ,01/11/2025,4606.43,5349.88,4870.49,2026-01-09T23:47:32.352164,agmarknet_data
Himachal Pradesh,Himachal Pradesh Main,Himachal Pradesh Main APMC,Mango,Standard,FAQ,01/11/2025,4729.96,5335.89,4970.49,2026-01-09T23:47:32.359179,agmarknet_data
Jharkhand,Bokaro,Bokaro APMC,Mango,Standard,FAQ,01/11/2025,4031.19,4766.8,4370.49,2026-01-09T23:47:32.360784,agmarknet_data
Karnataka,Belgaum,Belgaum APMC,Mango,Standard,FAQ,01/11/2025,4464.56,5185.11,4720.49,2026-01-09T23:47:32.360784,agmarknet_data
Kerala,Thrissur,Thrissur APMC,Mango,Standard,FAQ,01/11/2025,4815.2,5693.88,5220.49,2026-01-09T23:47:32.360784,agmarknet_data
Madhya Pradesh,Ujjain,Ujjain APMC,Mango,Standard,FAQ,01/11/2025,4464.56,5185.11,4720.49,2026-01-09T23:47:32.375468,agmarknet_data
Maharashtra,Nagpur,Nagpur APMC,Mango,Standard,FAQ,01/11/2025,4559.14,5294.96,4820.49,2026-01-09T23:47:32.379476,agmarknet_data
Manipur,Manipur Main,Manipur Main APMC,Mango,Standard,FAQ,01/11/2025,4492.06,5067.51,4720.49,2026-01-09T23:47:32.381479,agmarknet_data
Meghalaya,Meghalaya Main,Meghalaya Main APMC,Mango,Standard,FAQ,01/11/2025,4492.06,5067.51,4720.49,2026-01-09T23:47:32.385489,agmarknet_data
Mizoram,Mizoram Main,Mizoram Main APMC,Mango,Standard,FAQ,01/11/2025,4492.06,5067.51,4720.49,2026-01-09T23:47:32.392810,agmarknet_data
Nagaland,Nagaland Main,Nagaland Main APMC,Mango,Standard,FAQ,01/11/2025,4492.06,5067.51,4720.49,2026-01-09T23:47:32.396348,agmarknet_data
Odisha,Sambalpur,Sambalpur APMC,Mango,Standard,FAQ,01/11/2025,3985.07,4712.27,4320.49,2026-01-09T23:47:32.396348,agmarknet_data
Punjab,Patiala,Patiala APMC,Mango,Standard,FAQ,01/11/2025,4701.01,5459.72,4970.49,2026-01-09T23:47:32.403374,agmarknet_data
Rajasthan,Udaipur,Udaipur APMC,Mango,Standard,FAQ,01/11/2025,4369.98,5075.27,4620.49,2026-01-09T23:47:32.409278,agmarknet_data
Sikkim,Sikkim Main,Sikkim Main APMC,Mango,Standard,FAQ,01/11/2025,4492.06,5067.51,4720.49,2026-01-09T23:47:32.409278,agmarknet_data
Tamil Nadu,Salem,Salem APMC,Mango,Standard,FAQ,01/11/2025,4701.01,5459.72,4970.49,2026-01-09T23:47:32.409278,agmarknet_data
Telangana,Nizamabad,Nizamabad APMC,Mango,Standard,FAQ,01/11/2025,4354.01,5148.54,4720.49,2026-01-09T23:47:32.419304,agmarknet_data
Tripura,Tripura Main,Tripura Main APMC,Mango,Standard,FAQ,01/11/2025,4492.06,5067.51,4720.49,2026-01-09T23:47:32.425969,agmarknet_data
Uttar Pradesh,Varanasi,Varanasi APMC,Mango,Standard,FAQ,01/11/2025,4228.12,4910.51,4470.49,2026-01-09T23:47:32.425969,agmarknet_data
Uttarakhand,Uttarakhand Main,Uttarakhand Main APMC,Mango,Standard,FAQ,01/11/2025,4587.22,5174.86,4820.49,2026-01-09T23:47:32.425969,agmarknet_data
West Bengal,Durgapur,Durgapur APMC,Mango,Standard,FAQ,01/11/2025,4228.12,4910.51,4470.49,2026-01-09T23:47:32.435000,agmarknet_data
